timestamp,open,high,low,close,volume
2024-06-21,92.4300,92.4300,92.3198,92.3198,253
2024-06-20,92.3100,92.3314,92.3100,92.3314,193
2024-06-18,92.2800,92.4086,92.2800,92.4086,665
2024-06-17,92.2053,92.2053,92.2053,92.2053,15
2024-06-14,92.3600,92.4170,92.3600,92.4170,268
2024-06-13,92.4400,92.4599,92.3500,92.4130,2652
2024-06-12,92.3900,92.3900,92.0925,92.0925,6948
2024-06-11,91.7399,91.8000,91.6200,91.7850,1071
2024-06-10,91.5850,91.5850,91.5850,91.5850,10
2024-06-07,91.8800,91.8800,91.6793,91.6793,787
2024-06-06,92.1450,92.1500,92.1450,92.1473,3150
2024-06-05,92.0600,92.0600,92.0500,92.0550,1702
2024-06-04,91.9200,91.9800,91.9200,91.9800,412
2024-06-03,91.7800,91.7800,91.7482,91.7482,560
2024-05-31,91.4797,91.4797,91.4550,91.4550,823
2024-05-30,91.1700,91.2365,91.1700,91.2365,250
2024-05-29,91.0300,91.0300,91.0212,91.0212,169
2024-05-28,91.1700,91.2128,91.1700,91.2128,32762
2024-05-24,91.4800,91.4800,91.4377,91.4377,20122
2024-05-23,91.3800,91.3800,91.3454,91.3454,941
2024-05-22,91.4200,91.4986,91.4200,91.4986,603
2024-05-21,91.6673,91.6751,91.6066,91.6066,1114
2024-05-20,91.5250,91.5800,91.4700,91.5060,1349
2024-05-17,91.5814,91.5814,91.5814,91.5814,45
2024-05-16,91.6916,91.6916,91.6916,91.6916,4
2024-05-15,91.8148,91.8148,91.8148,91.8148,139
2024-05-14,91.4500,91.4500,91.4350,91.4350,272
2024-05-13,91.3000,91.3002,91.2500,91.2852,468
2024-05-10,91.2884,91.2884,91.2500,91.2500,516
2024-05-09,91.1500,91.3746,91.1500,91.3746,785
2024-05-08,91.3199,91.3199,91.2754,91.2754,263
2024-05-07,91.3500,91.3600,91.3500,91.3600,177
2024-05-06,91.3417,91.3417,91.3000,91.3000,183
2024-05-03,91.2300,91.2511,91.1600,91.2511,360
2024-05-02,90.8700,91.0005,90.8082,91.0005,300
2024-05-01,90.5300,90.7106,90.5300,90.7106,189
2024-04-30,90.4900,90.4900,90.4824,90.4824,214
2024-04-29,90.7098,90.7098,90.6100,90.6723,573
2024-04-26,90.5338,90.5338,90.5338,90.5338,97
2024-04-25,90.3600,90.3757,90.3300,90.3600,3428
2024-04-24,90.4801,90.5992,90.4801,90.5992,9183
2024-04-23,90.6602,90.8300,90.6300,90.7137,5465
2024-04-22,90.4900,90.5795,90.4900,90.5795,821
2024-04-19,90.5216,90.5216,90.5216,90.5216,31
2024-04-18,90.4000,90.4625,90.2700,90.4625,402
2024-04-17,90.6500,90.6500,90.5300,90.6317,858
2024-04-16,90.3488,90.3488,90.3488,90.3488,90
2024-04-15,90.5099,90.6100,90.5099,90.5878,2774
2024-04-12,90.8047,90.8047,90.8047,90.8047,105
2024-04-11,90.6200,90.6349,90.6120,90.6120,309
2024-04-10,90.8100,90.8100,90.5700,90.6211,3169
2024-04-09,91.3052,91.3052,91.3052,91.3052,74
2024-04-08,91.1252,91.1252,91.1252,91.1252,51
2024-04-05,91.2482,91.2482,91.2482,91.2482,16
2024-04-04,91.3850,91.5254,91.3667,91.5254,650
2024-04-03,91.2800,91.3900,91.2800,91.3760,1019
2024-04-02,91.3351,91.3351,91.3351,91.3351,15
2024-04-01,91.3528,91.3528,91.3528,91.3528,19
2024-03-28,91.7300,91.8000,91.6800,91.7610,2571
2024-03-27,91.6600,91.7808,91.6600,91.7808,353
2024-03-26,91.6240,91.6240,91.6240,91.6240,93
2024-03-25,92.1433,92.1433,92.1433,92.1433,13
2024-03-22,92.2396,92.2396,92.2396,92.2396,120
2024-03-21,92.1100,92.1500,92.0700,92.0951,10197
2024-03-20,91.8400,92.1000,91.8400,92.0430,1493
2024-03-19,91.8925,91.9000,91.8925,91.9000,1939
2024-03-18,91.7327,91.7500,91.6950,91.6950,936
2024-03-15,91.8100,91.8100,91.7302,91.7302,436
2024-03-14,91.7850,91.8699,91.7850,91.8050,388
2024-03-13,92.1119,92.1119,92.1119,92.1119,2
2024-03-12,92.1906,92.1906,92.1906,92.1906,286
2024-03-11,92.4100,92.4100,92.3800,92.3800,228
2024-03-08,92.3800,92.5000,92.3800,92.4598,747
2024-03-07,92.3700,92.3700,92.3700,92.3700,174
2024-03-06,92.3500,92.3500,92.2284,92.2284,4006
2024-03-05,92.0600,92.1450,92.0600,92.1450,562
2024-03-04,91.9700,91.9700,91.9263,91.9263,1443
2024-03-01,92.0400,92.0400,92.0250,92.0250,951
2024-02-29,91.7197,91.7197,91.7197,91.7197,75
2024-02-28,91.6407,91.6407,91.6407,91.6407,4
2024-02-27,91.6100,91.6100,91.4500,91.4880,724
2024-02-26,91.5100,91.5553,91.5100,91.5553,635
2024-02-23,91.6500,91.6500,91.5800,91.5899,317
2024-02-22,91.5213,91.5213,91.5213,91.5213,87
2024-02-21,91.5919,91.5919,91.5919,91.5919,404
2024-02-20,91.6700,91.6791,91.6700,91.6791,263
2024-02-16,91.5899,91.5899,91.5899,91.5899,237
2024-02-15,91.8101,91.8101,91.8101,91.8101,441
2024-02-14,91.6200,91.6800,91.6200,91.6686,656
2024-02-13,91.6000,91.6000,91.4431,91.4431,325
2024-02-12,91.9200,91.9940,91.9200,91.9940,702
2024-02-09,91.8600,91.9351,91.8600,91.9351,1132
2024-02-08,92.1100,92.1800,92.0900,92.1400,9103
2024-02-07,92.2100,92.2600,92.1200,92.2031,703
2024-02-06,92.1800,92.2200,92.1700,92.1700,1046
2024-02-05,91.8800,91.9000,91.8450,91.8450,375
2024-02-02,92.2576,92.2576,92.2576,92.2576,310
2024-02-01,92.7300,92.9448,92.7300,92.8208,13928
2024-01-31,92.5929,92.5929,92.5036,92.5036,637
2024-01-30,92.1598,92.1598,92.1598,92.1598,122
2024-01-29,92.2374,92.2374,92.2374,92.2374,59
2024-01-26,91.9800,92.0500,91.9800,91.9950,1197
2024-01-25,92.0900,92.1200,92.0860,92.0860,3417
2024-01-24,92.1900,92.1900,91.8064,91.8064,371
2024-01-23,91.9026,91.9026,91.9026,91.9026,95
2024-01-22,92.0145,92.0145,92.0145,92.0145,66
2024-01-19,91.8266,91.8417,91.8266,91.8417,306
2024-01-18,91.9250,91.9250,91.9250,91.9250,7
2024-01-17,91.9100,91.9287,91.9100,91.9287,1204
2024-01-16,92.2500,92.2500,92.1849,92.1849,239
2024-01-12,92.6511,92.6511,92.5061,92.5061,291
2024-01-11,92.2600,92.3189,92.2600,92.3189,110
2024-01-10,92.0100,92.0100,91.9650,91.9650,423
2024-01-09,91.9400,91.9972,91.9400,91.9972,224
2024-01-08,91.9991,91.9991,91.9991,91.9991,87
2024-01-05,91.8659,91.8659,91.8350,91.8350,156
2024-01-04,91.9450,91.9450,91.9450,91.9450,2
2024-01-03,92.2100,92.2100,92.2100,92.2100,4
2024-01-02,92.2400,92.2400,92.2400,92.2400,348
2023-12-29,92.5100,92.5100,92.4232,92.4232,221
2023-12-28,92.4795,92.4795,92.4600,92.4600,214
2023-12-27,92.5700,92.5700,92.5700,92.5700,233
2023-12-26,92.8661,92.8661,92.8661,92.8661,134
2023-12-22,92.8499,92.9093,92.8131,92.8686,1693
2023-12-21,92.9372,92.9500,92.8300,92.8550,678
2023-12-20,92.7900,92.8726,92.7900,92.8726,638
2023-12-19,92.5800,92.6336,92.5800,92.6336,589
2023-12-18,92.6189,92.6189,92.5200,92.5700,1133
2023-12-15,92.6551,92.6551,92.6551,92.6551,12
2023-12-14,92.6957,92.8400,92.6600,92.7300,1066
2023-12-13,91.7300,92.3531,91.7300,92.3531,4966
2023-12-12,91.5001,91.5688,91.5001,91.5688,558
2023-12-11,91.2713,91.4900,91.2713,91.4403,1678
2023-12-08,91.4550,91.4550,91.4550,91.4550,8
2023-12-07,91.9283,91.9283,91.7700,91.7919,1269
2023-12-06,91.7103,91.7764,91.7000,91.7764,1280
2023-12-05,91.6575,91.6595,91.6575,91.6595,416
2023-12-04,91.4105,91.4105,91.4105,91.4105,34
2023-12-01,91.6044,91.6044,91.6044,91.6044,10
2023-11-30,91.1800,91.1800,91.0100,91.0800,1812
2023-11-29,91.2500,91.3500,91.1900,91.3326,1804
2023-11-28,90.7299,91.0335,90.7299,91.0335,208
2023-11-27,90.5971,90.7650,90.5971,90.7650,4004
2023-11-24,90.4000,90.4731,90.4000,90.4731,805
2023-11-22,90.6200,90.6475,90.6200,90.6475,712
2023-11-21,90.6700,90.6700,90.6233,90.6233,6985
2023-11-20,90.4470,90.5700,90.3712,90.5600,1147
2023-11-17,90.4900,90.4900,90.4900,90.4900,6
2023-11-16,90.4500,90.4717,90.4500,90.4717,966
2023-11-15,90.1500,90.1500,90.1500,90.1500,10
2023-11-14,90.3668,90.4799,90.3668,90.4799,1604
2023-11-13,89.7200,89.7200,89.7200,89.7200,3
2023-11-10,89.7150,89.7150,89.7150,89.7150,4
2023-11-09,89.6550,89.6550,89.6550,89.6550,3
2023-11-08,90.0525,90.0525,90.0525,90.0525,362
2023-11-07,89.9375,89.9375,89.9375,89.9375,709
2023-11-06,89.7700,90.0065,89.7700,89.7745,9707
2023-11-03,90.0300,90.1100,90.0150,90.0150,3165
2023-11-02,89.5845,89.6000,89.5200,89.5746,1369
2023-11-01,89.2095,89.3692,89.1873,89.3692,1096
2023-10-31,88.9000,88.9689,88.8975,88.8975,959
2023-10-30,88.9155,88.9300,88.9155,88.9300,293
2023-10-27,89.0698,89.0698,89.0698,89.0698,2
2023-10-26,88.9650,88.9744,88.9650,88.9744,256
2023-10-25,88.6350,88.6350,88.6350,88.6350,6
2023-10-24,88.9370,88.9370,88.9370,88.9370,80
2023-10-23,88.8814,88.8814,88.8814,88.8814,17
2023-10-20,88.7000,88.7000,88.6100,88.6941,328
2023-10-19,88.4305,88.4305,88.4305,88.4305,100
2023-10-18,88.4941,88.4941,88.4941,88.4941,3
2023-10-17,88.6900,88.6900,88.6900,88.6900,144
2023-10-16,89.0600,89.1450,89.0600,89.1450,343
2023-10-13,89.3500,89.3500,89.3500,89.3500,64
2023-10-12,89.1501,89.1501,89.1501,89.1501,16
2023-10-11,89.4481,89.4481,89.4481,89.4481,78
2023-10-10,89.3550,89.3550,89.3550,89.3550,4
2023-10-09,89.4284,89.4284,89.4284,89.4284,3
2023-10-06,88.9067,88.9067,88.8897,88.8897,156
2023-10-05,89.0700,89.0700,89.0700,89.0700,128
2023-10-04,88.9700,88.9700,88.9700,88.9700,2
2023-10-03,88.6750,88.6750,88.6750,88.6750,3
2023-10-02,88.9585,88.9585,88.9585,88.9585,20
2023-09-29,89.3700,89.3700,89.2946,89.2946,289
2023-09-28,89.0450,89.2922,89.0450,89.2922,2347
2023-09-27,89.0856,89.0856,89.0856,89.0856,1
2023-09-26,90.2599,90.2599,90.2297,90.2297,113
2023-09-25,90.2507,90.2507,90.2507,90.2507,11
2023-09-22,90.4500,90.4836,90.4400,90.4836,452
2023-09-21,90.2979,90.3399,90.2979,90.3126,1054
2023-09-20,90.5600,90.5600,90.5062,90.5062,240
2023-09-19,90.5768,90.5768,90.5768,90.5768,2
2023-09-18,90.7500,90.7500,90.7500,90.7500,15
2023-09-15,90.7476,90.7476,90.7476,90.7476,6
2023-09-14,90.8484,90.8484,90.8484,90.8484,2
2023-09-13,90.9051,90.9051,90.9051,90.9051,158
2023-09-12,90.8000,90.8250,90.8000,90.8250,471
2023-09-11,90.8250,90.8250,90.8250,90.8250,13
2023-09-08,90.8800,90.8909,90.8500,90.8635,404
2023-09-07,90.8688,90.8688,90.8688,90.8688,6
2023-09-06,90.8400,90.8400,90.6518,90.6518,518
2023-09-05,90.9055,90.9055,90.8300,90.8300,754
2023-09-01,91.0868,91.0868,91.0868,91.0868,2
2023-08-31,91.2900,91.2972,91.2900,91.2972,752
2023-08-30,91.1469,91.1469,91.1469,91.1469,3
2023-08-29,91.0100,91.1700,91.0100,91.1700,2141
2023-08-28,90.7439,90.7955,90.7439,90.7955,286
2023-08-25,90.6514,90.6514,90.6514,90.6514,10
2023-08-24,90.7341,90.7341,90.7341,90.7341,3
2023-08-23,90.8499,90.8499,90.8499,90.8499,2
2023-08-22,90.3937,90.3937,90.3937,90.3937,3
2023-08-21,90.4399,90.4399,90.4000,90.4074,663
2023-08-18,90.6693,90.6693,90.6693,90.6693,3
2023-08-17,90.5290,90.5549,90.5290,90.5549,468
2023-08-16,90.8000,90.8000,90.5459,90.5459,102
2023-08-15,90.7000,90.7000,90.7000,90.7000,2
2023-08-14,90.7548,90.7548,90.7548,90.7548,2
2023-08-11,90.9300,90.9300,90.8627,90.8627,283
2023-08-10,91.4399,91.4599,91.1346,91.1346,1146
2023-08-09,91.4010,91.4151,91.4010,91.4151,612
2023-08-08,91.4490,91.4490,91.4277,91.4277,240
2023-08-07,91.2650,91.2900,91.2555,91.2555,2623
2023-08-04,91.0600,91.3253,91.0600,91.3253,1528
2023-08-03,90.8410,90.8410,90.6300,90.8063,19669
2023-08-02,91.0529,91.0529,91.0529,91.0529,48
2023-08-01,91.1180,91.1180,91.1180,91.1180,7
2023-07-31,91.3937,91.4500,91.3100,91.3475,6198
2023-07-28,91.2498,91.3000,91.2450,91.3000,2170
2023-07-27,91.2600,91.2900,91.0590,91.0947,35551
2023-07-26,91.3200,91.4700,91.3200,91.4700,370
2023-07-25,91.3299,91.3447,91.3299,91.3447,282
2023-07-24,91.6563,91.6563,91.4174,91.4174,703
2023-07-21,91.5650,91.5650,91.5542,91.5542,187
2023-07-20,91.4150,91.5142,91.4150,91.5142,5118
2023-07-19,91.8300,91.8360,91.8300,91.8340,241
2023-07-18,91.8699,91.8699,91.6953,91.6953,1602
2023-07-17,91.5800,91.6541,91.5800,91.6541,24002
2023-07-14,91.7100,91.7299,91.7100,91.7170,57723
2023-07-13,91.9010,91.9100,91.8800,91.8800,6518
2023-07-12,91.3200,91.5200,91.3200,91.4454,9504
2023-07-11,90.9899,90.9899,90.9492,90.9500,2623
2023-07-10,90.8863,90.8863,90.8863,90.8863,7
2023-07-07,90.6050,90.6050,90.6050,90.6050,5
2023-07-06,90.5697,90.5711,90.5697,90.5711,365
2023-07-05,90.9153,90.9153,90.9153,90.9153,14
2023-07-03,91.1200,91.1200,91.1200,91.1200,114
2023-06-30,91.2719,91.2719,91.2719,91.2719,78
2023-06-29,91.1597,91.1597,91.1597,91.1597,30
2023-06-28,91.6019,91.6019,91.6019,91.6019,8
2023-06-27,91.5649,91.5649,91.5649,91.5649,6
2023-06-26,91.7645,91.7645,91.7645,91.7645,862
2023-06-23,91.6100,91.6550,91.6100,91.6550,110039
2023-06-22,91.5490,91.5490,91.5270,91.5270,198
2023-06-21,91.6400,91.7648,91.6400,91.7648,3501
2023-06-20,91.7766,91.7766,91.7766,91.7766,7
2023-06-16,91.6150,91.6150,91.6150,91.6150,49
2023-06-15,91.8250,91.8250,91.8250,91.8250,47
2023-06-14,91.4600,91.4600,91.4600,91.4600,179
2023-06-13,91.6401,91.6401,91.3750,91.3750,3203
2023-06-12,91.6200,91.7309,91.6100,91.7309,109286
2023-06-09,91.6500,91.6500,91.6406,91.6406,160
2023-06-08,91.8670,91.8670,91.8670,91.8670,2
2023-06-07,91.5746,91.5746,91.5746,91.5746,52
2023-06-06,91.8569,91.8569,91.8569,91.8569,5
2023-06-05,91.9075,91.9075,91.9075,91.9075,4
2023-06-02,91.8698,91.8698,91.8698,91.8698,4
2023-06-01,92.2519,92.2519,92.1997,92.2424,1037
2023-05-31,92.1006,92.1006,92.1006,92.1006,279
2023-05-30,91.6650,91.8996,91.6650,91.8996,3606
2023-05-26,91.3760,91.4914,91.3760,91.4914,341
2023-05-25,91.4812,91.4812,91.4812,91.4812,19
2023-05-24,91.8320,91.8320,91.8320,91.8320,73
2023-05-23,92.0180,92.0180,91.9776,91.9776,407
2023-05-22,91.9459,91.9459,91.9133,91.9133,197
2023-05-19,91.9693,91.9693,91.9693,91.9693,5
2023-05-18,92.1700,92.1700,92.1000,92.1000,1603
2023-05-17,92.3709,92.3709,92.3709,92.3709,3
2023-05-16,92.5632,92.5632,92.5632,92.5632,25
2023-05-15,92.7235,92.7235,92.7235,92.7235,2
2023-05-12,93.0300,93.0300,92.7938,92.7938,1048
2023-05-11,93.1200,93.1499,93.1100,93.1400,1659
2023-05-10,92.8559,92.9358,92.8559,92.9358,261
2023-05-09,92.5500,92.5950,92.5500,92.5950,907
2023-05-08,92.6450,92.7000,92.5600,92.5842,5138
2023-05-05,92.8640,92.8640,92.8640,92.8640,136
2023-05-04,93.2650,93.3900,93.1600,93.1600,119712
2023-05-03,93.1037,93.1037,93.1037,93.1037,4
2023-05-02,92.7700,92.7820,92.7610,92.7746,856
2023-05-01,92.5200,92.5400,92.3300,92.3349,4388
2023-04-28,92.6823,92.6823,92.6823,92.6823,41
2023-04-27,92.4450,92.4450,92.4450,92.4450,2
2023-04-26,92.7650,92.7650,92.7650,92.7650,58
2023-04-25,92.7050,92.9295,92.7050,92.9062,1510
2023-04-24,92.3248,92.4035,92.3248,92.4035,1011
2023-04-21,92.2100,92.2650,92.2100,92.2650,1090
2023-04-20,92.2852,92.2852,92.2852,92.2852,2
2023-04-19,92.0111,92.0111,92.0111,92.0111,3
2023-04-18,92.1600,92.1600,92.1600,92.1600,906
2023-04-17,92.1301,92.1301,92.1150,92.1150,226
2023-04-14,92.3650,92.3650,92.3650,92.3650,104
2023-04-13,92.6092,92.6092,92.6092,92.6092,7
2023-04-12,92.6100,92.6300,92.5900,92.6169,812
2023-04-11,92.5099,92.5099,92.4689,92.4689,168
2023-04-10,92.4915,92.4915,92.4915,92.4915,4
2023-04-06,92.9212,92.9212,92.9212,92.9212,100
2023-04-05,93.0197,93.0197,92.9392,92.9392,1611
2023-04-04,92.7410,92.8150,92.7400,92.8150,973
2023-04-03,92.3500,92.4722,92.3427,92.4722,4949
2023-03-31,91.9400,92.1850,91.9400,92.1850,106
2023-03-30,91.8756,91.8756,91.8756,91.8756,2
2023-03-29,91.8100,91.8180,91.8100,91.8152,752
2023-03-28,92.1631,92.1631,92.1631,92.1631,10
2023-03-27,92.3501,92.3501,92.2666,92.2666,114
2023-03-24,92.8359,92.8359,92.8359,92.8359,38
2023-03-23,92.8098,92.8098,92.8098,92.8098,19
2023-03-22,92.4751,92.4751,92.4751,92.4751,208
2023-03-21,91.8300,91.8300,91.7655,91.7655,235
2023-03-20,92.0800,92.0800,92.0800,92.0800,78
2023-03-17,92.3446,92.3446,92.3446,92.3446,4
2023-03-16,91.6360,91.6360,91.6360,91.6360,61
2023-03-15,92.2700,92.2700,92.0670,92.0670,108
2023-03-14,91.5500,91.5500,91.4084,91.4084,119
2023-03-13,92.0099,92.2100,91.8243,91.8243,214
2023-03-10,91.1253,91.1253,91.1253,91.1253,66
2023-03-09,90.4263,90.4263,90.4263,90.4263,94
2023-03-08,90.2400,90.2500,90.0190,90.0190,359
2023-03-07,90.2400,90.2400,90.2100,90.2100,319
2023-03-06,90.4000,90.4000,90.4000,90.4000,428
2023-03-03,90.2100,90.3586,90.2100,90.3586,543
2023-03-02,90.0200,90.0850,90.0200,90.0850,202
2023-03-01,90.1500,90.2100,90.1500,90.2100,272
2023-02-28,90.3300,90.4353,90.3300,90.4353,203
2023-02-27,90.4000,90.4100,90.4000,90.4067,226
2023-02-24,90.3000,90.3000,90.2890,90.2950,1348
2023-02-23,90.5300,90.5910,90.5300,90.5910,202
2023-02-22,90.5399,90.5399,90.4300,90.4315,269
2023-02-21,90.5000,90.5000,90.5000,90.5000,401
2023-02-17,90.8177,90.8177,90.8177,90.8177,15
2023-02-16,90.8300,90.8300,90.8300,90.8300,401
2023-02-15,90.8350,90.8350,90.8350,90.8350,8
2023-02-14,90.8000,90.8773,90.8000,90.8773,103
2023-02-13,91.1459,91.1459,91.0999,91.1210,1594
2023-02-10,91.1500,91.1500,91.0950,91.0950,741
2023-02-09,91.4900,91.4900,91.2751,91.2751,403
2023-02-08,91.4761,91.4761,91.4761,91.4761,1550
2023-02-07,91.4500,91.4500,91.3630,91.3630,555
2023-02-06,91.4900,91.4900,91.4040,91.4040,103
2023-02-03,91.9000,91.9000,91.8600,91.8618,400
2023-02-02,92.4041,92.4041,92.4041,92.4041,79
2023-02-01,92.0150,92.3677,92.0150,92.3677,2703
2023-01-31,91.9625,91.9625,91.9625,91.9625,3
2023-01-30,91.7799,91.7799,91.7650,91.7650,150
2023-01-27,91.9003,91.9003,91.9003,91.9003,7
2023-01-26,92.1000,92.1000,91.9858,91.9858,353
2023-01-25,92.0400,92.1000,92.0400,92.1000,143
2023-01-24,92.0300,92.0657,92.0300,92.0657,203
2023-01-23,91.9250,91.9900,91.9250,91.9600,1839
2023-01-20,92.0800,92.0800,91.9700,92.0350,405
2023-01-19,92.2500,92.2800,92.2500,92.2752,203
2023-01-18,92.2400,92.4100,92.2350,92.3550,7402
2023-01-17,91.9100,91.9100,91.8116,91.8116,1304
2023-01-13,91.9100,91.9100,91.8299,91.8352,3913
2023-01-12,92.0693,92.0693,92.0693,92.0693,3
2023-01-11,91.5300,91.6407,91.5190,91.6407,4053
2023-01-10,91.3400,91.4400,91.3400,91.3861,6504
2023-01-09,91.4290,91.6000,91.4290,91.6000,3790
2023-01-06,90.9200,91.4083,90.9200,91.4083,11299
2023-01-05,90.7514,90.7514,90.7514,90.7514,11
2023-01-04,90.8792,90.8792,90.8792,90.8792,103
2023-01-03,90.5910,90.6188,90.5700,90.6188,1715
2022-12-30,90.4317,90.4317,90.4317,90.4317,33
2022-12-29,90.5923,90.5923,90.5923,90.5923,84
2022-12-28,90.4210,90.4347,90.4210,90.4347,168
2022-12-27,90.5096,90.5096,90.5096,90.5096,15
2022-12-23,90.7710,90.8045,90.7600,90.8045,1308
2022-12-22,90.9452,90.9452,90.9452,90.9452,2
2022-12-21,90.9657,90.9657,90.9657,90.9657,171
2022-12-20,91.1849,91.1849,91.1849,91.1849,13
2022-12-19,91.4899,91.4899,91.4354,91.4354,491
2022-12-16,91.7471,91.7471,91.7471,91.7471,55
2022-12-15,91.7350,91.7846,91.7350,91.7846,1204
2022-12-14,91.5600,91.7421,91.5600,91.7421,102
2022-12-13,91.9050,91.9050,91.6349,91.6349,6260
2022-12-12,91.4210,91.4210,91.2197,91.2197,248
2022-12-09,91.3139,91.3139,91.3139,91.3139,52
2022-12-08,91.5121,91.5121,91.5121,91.5121,3
2022-12-07,91.6599,91.6949,91.6533,91.6949,715
2022-12-06,91.3100,91.3100,91.3100,91.3100,103
2022-12-05,91.2550,91.3000,91.1549,91.1549,1397
2022-12-02,91.6001,91.6001,91.6001,91.6001,2
2022-12-01,91.3250,91.5161,91.3250,91.5161,14968
2022-11-30,90.4999,90.9600,90.4800,90.9600,494
2022-11-29,90.6151,90.6151,90.6151,90.6151,123
2022-11-28,90.8096,90.8096,90.8096,90.8096,2440
2022-11-25,90.6950,90.7793,90.6950,90.7793,352
2022-11-23,90.7200,90.7450,90.7200,90.7450,383
2022-11-22,90.4700,90.4700,90.4700,90.4700,103
2022-11-21,90.5400,90.5400,90.3449,90.3449,6309
2022-11-18,90.3855,90.3855,90.3855,90.3855,2
2022-11-17,90.4813,90.5950,90.4813,90.5653,458
2022-11-16,90.7200,90.8310,90.7000,90.8310,375
2022-11-15,90.5500,90.6169,90.5500,90.6169,112
2022-11-14,90.1969,90.2812,90.1969,90.2549,1646
2022-11-11,90.5500,90.5500,90.3650,90.3750,715
2022-11-10,90.3900,90.4419,90.2610,90.4244,24776
2022-11-09,89.2100,89.3500,89.2100,89.2600,18223
2022-11-08,88.9900,89.1801,88.8800,89.1798,3775
2022-11-07,88.9573,88.9573,88.9573,88.9573,2
2022-11-04,89.1016,89.1016,89.1016,89.1016,2
2022-11-03,89.0034,89.0034,89.0034,89.0034,262
2022-11-02,89.4195,89.4195,89.2116,89.2116,135
2022-11-01,89.3269,89.3269,89.3269,89.3269,36
2022-10-31,89.4200,89.4400,89.2400,89.2936,4217
2022-10-28,89.5400,89.5582,89.5200,89.5444,1384
2022-10-27,89.7100,89.7700,89.7100,89.7530,2269
2022-10-26,89.3850,89.4850,89.3850,89.4405,3815
2022-10-25,89.3195,89.3195,89.2663,89.2663,136
2022-10-24,88.8990,88.8990,88.8801,88.8801,115
2022-10-21,88.8895,88.8895,88.8895,88.8895,131
2022-10-20,88.6090,88.6090,88.6090,88.6090,100
2022-10-19,88.8918,88.8918,88.8918,88.8918,30
2022-10-18,89.3302,89.3302,89.3302,89.3302,28
2022-10-17,89.2619,89.2619,89.2129,89.2129,169
2022-10-14,89.1441,89.1441,89.1441,89.1441,4
2022-10-13,89.3060,89.3060,89.3060,89.3060,2
2022-10-12,89.5527,89.5527,89.5527,89.5527,2
2022-10-11,89.4410,89.4685,89.4401,89.4685,861
2022-10-10,89.4784,89.4784,89.4784,89.4784,11
2022-10-07,89.6105,89.6105,89.6105,89.6105,2
2022-10-06,89.9400,89.9400,89.9400,89.9400,145
2022-10-05,90.0721,90.0721,90.0721,90.0721,44
2022-10-04,90.5800,90.5800,90.4456,90.4456,157
2022-10-03,90.2700,90.4299,90.2536,90.2566,738
2022-09-30,90.0000,90.0000,89.6722,89.6722,2654
2022-09-29,89.7900,89.8400,89.7900,89.8128,1090
2022-09-28,89.7329,90.0741,89.6569,90.0741,877
2022-09-27,90.0300,90.0300,89.7100,89.7100,2803
2022-09-26,90.3401,90.3401,89.9500,89.9600,1669
2022-09-23,90.5110,90.6599,90.4600,90.6000,14798
2022-09-22,90.7696,90.8000,90.6905,90.7350,8384
2022-09-21,91.1301,91.3199,91.1301,91.3150,7816
2022-09-20,91.2198,91.2300,91.2150,91.2266,2316
2022-09-19,91.4500,91.4500,91.4489,91.4489,116
2022-09-16,91.6450,91.6450,91.6450,91.6450,127
2022-09-15,91.5850,91.5850,91.5450,91.5450,127
2022-09-14,91.6510,91.7900,91.6500,91.7284,1854
2022-09-13,91.7100,91.7588,91.7000,91.7588,2403
2022-09-12,92.1733,92.1733,92.1733,92.1733,36
2022-09-09,92.2212,92.2212,92.2212,92.2212,58
2022-09-08,92.2743,92.2743,92.2743,92.2743,293
2022-09-07,92.3100,92.4142,92.3100,92.4142,293
2022-09-06,92.1174,92.1174,92.1174,92.1174,19
2022-09-02,92.5700,92.5701,92.5250,92.5701,2001
2022-09-01,92.2850,92.3000,92.2840,92.2840,756
2022-08-31,92.7000,92.7200,92.6650,92.6650,2715
2022-08-30,92.6966,92.6966,92.6966,92.6966,3
2022-08-29,92.7593,92.7593,92.7400,92.7400,799
2022-08-26,93.0200,93.0200,93.0050,93.0050,226
2022-08-25,93.1124,93.1124,93.1124,93.1124,1259
2022-08-24,92.8400,92.8584,92.8300,92.8584,1259
2022-08-23,93.0450,93.0450,93.0072,93.0072,4602
2022-08-22,93.1001,93.1001,93.0550,93.0550,348
2022-08-19,93.3000,93.3000,93.3000,93.3000,6692
2022-08-18,93.5500,93.5500,93.5250,93.5251,6692
2022-08-17,93.4270,93.4270,93.4270,93.4270,2
2022-08-16,93.7423,93.7423,93.7423,93.7423,3
2022-08-15,93.9599,93.9599,93.8743,93.8743,157
2022-08-12,93.7130,93.7130,93.7130,93.7130,7
2022-08-11,93.5561,93.5561,93.5561,93.5561,18
2022-08-10,93.9000,93.9000,93.8950,93.8950,236
2022-08-09,93.5616,93.6116,93.5616,93.6116,403
2022-08-08,93.7750,93.7750,93.7750,93.7750,24
2022-08-05,93.5948,93.5948,93.5948,93.5948,9768
2022-08-04,94.0500,94.1843,94.0500,94.1843,9768
2022-08-03,93.6500,93.9832,93.6500,93.9832,376
2022-08-02,94.2250,94.2250,93.8000,93.8450,10729
2022-08-01,94.5300,94.5300,94.4950,94.4950,365
2022-07-29,94.3900,94.4150,94.3900,94.4150,371
2022-07-28,94.3600,94.3600,94.3350,94.3350,402
2022-07-27,93.7700,93.9100,93.7700,93.9100,103
2022-07-26,93.7799,93.7799,93.5988,93.5988,482
2022-07-25,93.6500,93.6500,93.6500,93.6500,3
2022-07-22,93.7811,93.7811,93.7811,93.7811,76
2022-07-21,93.3161,93.3161,93.3161,93.3161,37
2022-07-20,92.7850,92.7850,92.7850,92.7850,3
2022-07-19,92.8367,92.8367,92.8367,92.8367,3
2022-07-18,92.8500,93.0450,92.8500,93.0450,134
2022-07-15,93.0950,93.0950,93.0950,93.0950,2
2022-07-14,92.9967,92.9967,92.9967,92.9967,2
2022-07-13,93.0668,93.1258,93.0668,93.1258,186
2022-07-12,93.1000,93.1000,93.1000,93.1000,4
2022-07-11,92.9521,92.9521,92.9521,92.9521,3
2022-07-08,92.7600,92.7600,92.7600,92.7600,4
2022-07-07,92.9150,92.9150,92.9150,92.9150,4
2022-07-06,93.1850,93.1850,93.1014,93.1014,302
2022-07-05,93.5500,93.5500,93.5500,93.5500,110
2022-07-01,93.4250,93.4250,93.4250,93.4250,84
2022-06-30,92.8779,92.8779,92.8779,92.8779,98
2022-06-29,92.4300,92.5000,92.4299,92.5000,487
2022-06-28,92.2145,92.2145,92.2145,92.2145,7
2022-06-27,92.3970,92.3970,92.3170,92.3170,366
2022-06-24,92.6000,92.6000,92.5450,92.5450,270
2022-06-23,92.5976,92.5976,92.5976,92.5976,90
2022-06-22,92.3947,92.3947,92.3947,92.3947,12
2022-06-21,91.9050,91.9050,91.9050,91.9050,12
2022-06-17,92.0378,92.0378,92.0378,92.0378,52
2022-06-16,92.0751,92.0751,92.0751,92.0751,2
2022-06-15,91.8600,91.8600,91.8600,91.8600,18
2022-06-14,91.1784,91.1784,91.1784,91.1784,18
2022-06-13,91.7700,91.7700,91.5270,91.5270,114
2022-06-10,92.7200,92.7200,92.4326,92.4326,153
2022-06-09,93.0796,93.0796,93.0500,93.0500,181
2022-06-08,93.1750,93.1750,93.1750,93.1750,3
2022-06-07,93.3179,93.3179,93.3179,93.3179,7
2022-06-06,93.1991,93.1991,93.1991,93.1991,3
2022-06-03,93.4500,93.6300,93.4500,93.4544,1692
2022-06-02,93.5450,93.5450,93.5450,93.5450,2
2022-06-01,93.5600,93.5600,93.4514,93.4950,391
2022-05-31,93.7800,93.7925,93.7550,93.7925,268
2022-05-27,94.0900,94.1400,94.0900,94.1400,147
2022-05-26,93.9940,94.0900,93.9940,94.0900,250
2022-05-25,94.0079,94.0079,94.0079,94.0079,82
2022-05-24,93.8499,93.8499,93.8124,93.8124,199
2022-05-23,93.4200,93.4200,93.4200,93.4200,3
2022-05-20,93.6096,93.6096,93.6096,93.6096,7
2022-05-19,93.4443,93.4443,93.4443,93.4443,2
2022-05-18,93.2600,93.2900,93.2450,93.2450,601
2022-05-17,93.0897,93.0897,93.0897,93.0897,3
2022-05-16,93.5299,93.5299,93.4600,93.4750,614
2022-05-13,93.3050,93.3050,93.3050,93.3050,11
2022-05-12,93.4797,93.4797,93.4797,93.4797,29
2022-05-11,93.3100,93.3100,93.3100,93.3100,20
2022-05-10,93.1900,93.2000,93.1900,93.1917,399
2022-05-09,92.9100,93.0808,92.9100,93.0808,1373
2022-05-06,92.7900,92.7900,92.7900,92.7900,63
2022-05-05,92.9810,92.9810,92.7900,92.9605,436
2022-05-04,92.8800,93.2767,92.8800,93.2767,803
2022-05-03,93.1000,93.1000,92.9452,92.9452,755
2022-05-02,92.8886,92.8886,92.8886,92.8886,2
2022-04-29,93.2600,93.2700,93.2387,93.2387,11026
2022-04-28,93.3105,93.4028,93.3105,93.4028,320
2022-04-27,93.6200,93.6200,93.5149,93.5149,514
2022-04-26,93.6500,93.6806,93.6149,93.6806,450
2022-04-25,93.4000,93.4500,93.4000,93.4500,404
2022-04-22,93.1637,93.1637,93.1637,93.1637,7
2022-04-21,93.2292,93.2292,93.2292,93.2292,3
2022-04-20,93.4000,93.4000,93.4000,93.4000,127
2022-04-19,93.2754,93.2754,93.2754,93.2754,6221
2022-04-18,93.6650,93.6650,93.6650,93.6650,2
2022-04-14,93.7150,93.7150,93.7150,93.7150,3
2022-04-13,94.0556,94.0556,94.0556,94.0556,1305
2022-04-12,94.0313,94.0313,94.0313,94.0313,5
2022-04-11,93.7100,93.7100,93.6835,93.6835,327
2022-04-08,93.8651,93.8651,93.8651,93.8651,1482
2022-04-07,94.1100,94.1100,94.0753,94.0753,543
2022-04-06,94.0700,94.1110,94.0700,94.1000,2898
2022-04-05,94.1800,94.1800,94.1650,94.1650,462
2022-04-04,94.6100,94.6100,94.6100,94.6100,11
2022-04-01,94.6100,95.0700,94.5100,94.5100,19678
2022-03-31,95.0089,95.0089,94.8715,94.8715,906
2022-03-30,94.7110,94.8392,94.7100,94.8392,2615
2022-03-29,94.5200,94.6470,94.5200,94.6470,1004
2022-03-28,94.6462,94.6462,94.6462,94.6462,11
2022-03-25,94.6209,94.6209,94.6209,94.6209,5
2022-03-24,95.0865,95.0865,95.0865,95.0865,4
2022-03-23,95.2136,95.2136,95.2136,95.2136,7
2022-03-22,94.9970,94.9970,94.9970,94.9970,7
2022-03-21,95.1500,95.1692,95.1401,95.1512,503
2022-03-18,95.7017,95.7017,95.7017,95.7017,23
2022-03-17,95.5998,95.5998,95.5998,95.5998,23
2022-03-16,95.4858,95.4858,95.4858,95.4858,20
2022-03-15,95.5408,95.5408,95.5408,95.5408,26
2022-03-14,95.5593,95.5593,95.5593,95.5593,31
2022-03-11,96.0301,96.0301,96.0301,96.0301,139
2022-03-10,96.0850,96.0850,96.0850,96.0850,5
2022-03-09,96.2619,96.2619,96.2619,96.2619,30
2022-03-08,96.4650,96.4650,96.4650,96.4650,23
2022-03-07,96.8178,96.8178,96.8178,96.8178,2
2022-03-04,97.0564,97.0564,97.0564,97.0564,14
2022-03-03,96.7938,96.7938,96.7938,96.7938,4
2022-03-02,97.0500,97.0500,96.7511,96.7511,316
2022-03-01,97.2800,97.2921,97.2800,97.2921,107
2022-02-28,96.9391,96.9391,96.9391,96.9391,43
2022-02-25,96.4950,96.4950,96.4950,96.4950,10
2022-02-24,96.4816,96.4816,96.4816,96.4816,48
2022-02-23,96.3904,96.3904,96.3904,96.3904,22
2022-02-22,96.5400,96.5500,96.5239,96.5239,156012
2022-02-18,96.6423,96.6423,96.6423,96.6423,2
2022-02-17,96.5672,96.5672,96.5672,96.5672,4
2022-02-16,96.4341,96.4341,96.4341,96.4341,2
2022-02-15,96.3590,96.3590,96.3550,96.3550,103
2022-02-14,96.4243,96.4243,96.4243,96.4243,13
2022-02-11,96.6854,96.6854,96.6854,96.6854,4
2022-02-10,96.2838,96.2838,96.2838,96.2838,2
2022-02-09,96.8550,96.8550,96.8550,96.8550,2
2022-02-08,96.8277,96.8277,96.8277,96.8277,3
2022-02-07,96.9504,96.9684,96.9504,96.9684,502
2022-02-04,96.9290,96.9290,96.9250,96.9250,104
2022-02-03,97.3090,97.3099,97.2550,97.3099,221
2022-02-02,97.4742,97.4742,97.4742,97.4742,4
2022-02-01,97.4050,97.4050,97.4000,97.4000,280
2022-01-31,97.4510,97.4510,97.4174,97.4174,935
2022-01-28,97.3110,97.4121,97.3110,97.4121,925
2022-01-27,97.3890,97.3890,97.3100,97.3100,206
2022-01-26,97.3395,97.3395,97.3395,97.3395,5
2022-01-25,97.6701,97.6701,97.6316,97.6316,106
2022-01-24,97.7699,97.8400,97.7102,97.7102,6378
2022-01-21,97.6900,97.6900,97.6900,97.6900,84
2022-01-20,97.5026,97.5026,97.5026,97.5026,2
2022-01-19,97.5050,97.5050,97.4942,97.4942,103
2022-01-18,97.4400,97.4400,97.4107,97.4107,163
2022-01-14,97.8085,97.8085,97.7350,97.7350,133
2022-01-13,97.9910,97.9910,97.9910,97.9910,2
2022-01-12,97.9250,97.9250,97.9200,97.9200,104
2022-01-11,97.8500,97.9223,97.8500,97.9223,103
2022-01-10,97.8400,97.9000,97.8300,97.8451,8362
2022-01-07,97.8946,97.8946,97.8946,97.8946,3
2022-01-06,97.9850,97.9850,97.9850,97.9850,104
2022-01-05,98.2500,98.2700,98.0901,98.0964,356863
2022-01-04,98.2800,98.2915,98.2800,98.2915,356148
2022-01-03,98.3100,98.3100,98.2947,98.2947,177
2021-12-31,98.5850,98.5850,98.5850,98.5850,5
2021-12-30,98.6095,98.6095,98.6095,98.6095,83
2021-12-29,98.4700,98.4850,98.4700,98.4850,402
2021-12-28,98.6100,98.6100,98.5900,98.5900,160
2021-12-27,98.5400,98.5500,98.2700,98.5500,2513
2021-12-23,98.5300,98.5417,98.5300,98.5417,505
2021-12-22,98.5918,98.5918,98.5918,98.5918,2
2021-12-21,98.5000,98.5000,98.5000,98.5000,199
2021-12-20,98.6450,98.6450,98.6450,98.6450,48
2021-12-17,98.6400,98.6400,98.6400,98.6400,54
2021-12-16,98.6310,98.6512,98.6245,98.6512,597
2021-12-15,98.4340,98.4436,98.4340,98.4436,1005
2021-12-14,98.5450,98.5450,98.5450,98.5450,3
2021-12-13,98.5666,98.6350,98.5666,98.6350,1116
2021-12-10,98.5100,98.5100,98.5100,98.5100,71
2021-12-09,98.4800,98.4946,98.4688,98.4688,308
2021-12-08,98.3910,98.4450,98.3910,98.4450,752
2021-12-07,98.5100,98.5100,98.5100,98.5100,88
2021-12-06,98.5950,98.5950,98.5950,98.5950,38
2021-12-03,98.7900,98.8034,98.7681,98.7681,2036
2021-12-02,98.5825,98.5825,98.5825,98.5825,5
2021-12-01,98.6127,98.6127,98.6127,98.6127,13
2021-11-30,98.8900,98.8900,98.6405,98.6405,354054
2021-11-29,98.5500,98.5900,98.5500,98.5650,2489
2021-11-26,98.5999,98.5999,98.5480,98.5480,174
2021-11-24,98.1850,98.1850,98.1850,98.1850,12
2021-11-23,98.1725,98.1725,98.1725,98.1725,4
2021-11-22,98.2700,98.2700,98.2700,98.2700,26
2021-11-19,98.6050,98.6050,98.6050,98.6050,338
2021-11-18,98.6400,98.6400,98.5800,98.5800,1041
2021-11-17,98.5300,98.5300,98.5300,98.5300,42
2021-11-16,98.5001,98.5001,98.4500,98.4500,466
2021-11-15,98.5071,98.5071,98.5071,98.5071,3
2021-11-12,98.7300,98.7300,98.5500,98.6343,1549
2021-11-11,98.5850,98.5850,98.5850,98.5850,12
2021-11-10,98.7000,98.7000,98.7000,98.7000,9
2021-11-09,99.0640,99.0640,99.0640,99.0640,4
2021-11-08,98.9500,98.9799,98.8800,98.9250,2454
2021-11-05,99.0450,99.1100,99.0100,99.1100,924
2021-11-04,98.9101,98.9101,98.9101,98.9101,41
2021-11-03,98.7000,98.7700,98.6950,98.6950,610
2021-11-02,98.7500,98.7500,98.7500,98.7500,157
2021-11-01,98.6700,98.6800,98.5300,98.6172,1840
2021-10-29,98.6806,98.6806,98.6806,98.6806,7
2021-10-28,98.6400,98.6500,98.6400,98.6500,307
2021-10-27,98.7700,98.7700,98.7700,98.7700,8
2021-10-26,98.6300,98.6300,98.6300,98.6300,50716
2021-10-25,98.5700,98.5700,98.5700,98.5700,48
2021-10-22,98.4000,98.5118,98.4000,98.5118,205
2021-10-21,98.4750,98.4750,98.4750,98.4750,100
2021-10-20,98.5700,98.6900,98.5700,98.6745,845
2021-10-19,98.5800,98.5950,98.5800,98.5950,254
2021-10-18,98.6700,98.6700,98.6700,98.6700,2
2021-10-15,98.7750,98.7750,98.7750,98.7750,4
2021-10-14,98.9400,98.9400,98.9400,98.9400,6
2021-10-13,98.8370,98.8370,98.8370,98.8370,51
2021-10-12,98.8250,98.8250,98.8250,98.8250,26
2021-10-11,98.7650,98.7650,98.7244,98.7244,125
2021-10-08,98.8600,98.8600,98.8600,98.8600,6
2021-10-07,98.9097,98.9150,98.9097,98.9150,252
2021-10-06,99.0600,99.0600,99.0600,99.0600,5
2021-10-05,99.0650,99.0650,99.0650,99.0650,16
2021-10-04,99.1500,99.1500,99.1500,99.1500,6
2021-10-01,99.1800,99.1800,99.1800,99.1800,18
2021-09-30,99.0200,99.0200,99.0200,99.0200,76
2021-09-29,98.9849,98.9849,98.9849,98.9849,33
2021-09-28,98.9650,98.9650,98.9650,98.9650,12
2021-09-27,99.1800,99.1800,99.1800,99.1800,52
2021-09-24,99.2000,99.2000,99.1900,99.1900,171
2021-09-23,99.3999,99.3999,99.2600,99.2947,2339
2021-09-22,99.5500,99.5500,99.5500,99.5500,122
2021-09-21,99.5878,99.5900,99.5878,99.5900,464
2021-09-20,99.4101,99.6250,99.4101,99.6250,110
2021-09-17,99.3900,99.4650,99.3900,99.4650,502
2021-09-16,99.5301,99.5800,99.5300,99.5800,877
2021-09-15,99.7099,99.7099,99.6600,99.6600,102
2021-09-14,99.7350,99.7350,99.6900,99.7350,1008
2021-09-13,99.5644,99.6150,99.5644,99.6150,209
2021-09-10,99.6350,99.6350,99.6350,99.6350,13
2021-09-09,99.7250,99.7250,99.7250,99.7250,24
2021-09-08,99.6100,99.6100,99.6100,99.6100,200
2021-09-07,99.5760,99.5760,99.5551,99.5551,862
2021-09-03,99.7200,99.7500,99.6900,99.6900,1509
2021-09-02,99.7600,99.7600,99.7200,99.7202,572
2021-09-01,99.7190,99.7190,99.6800,99.6800,103
2021-08-31,99.6500,99.6950,99.6400,99.6950,126287
2021-08-30,99.6850,99.6850,99.6850,99.6850,74
2021-08-27,99.5864,99.5864,99.5864,99.5864,2
2021-08-26,99.4400,99.4585,99.4400,99.4585,2006
2021-08-25,99.4450,99.4450,99.4450,99.4450,94
2021-08-24,99.5410,99.5800,99.5350,99.5350,910
2021-08-23,99.5932,99.5932,99.5932,99.5932,138
2021-08-20,99.5696,99.5696,99.5696,99.5696,4
2021-08-19,99.6050,99.6050,99.6050,99.6050,136
2021-08-18,99.5750,99.5750,99.5500,99.5500,425
2021-08-17,99.1800,99.6000,99.1800,99.6000,326
2021-08-16,99.6400,99.6496,99.6400,99.6496,120
2021-08-13,99.5825,99.5825,99.5825,99.5825,4
2021-08-12,99.4490,99.4490,99.4450,99.4450,243
2021-08-11,99.4500,99.4693,99.3900,99.4693,530
2021-08-10,99.3949,99.3949,99.3893,99.3893,118
2021-08-09,99.4774,99.4774,99.4774,99.4774,4
2021-08-06,99.5585,99.5585,99.5585,99.5585,4
2021-08-05,99.7350,99.7350,99.7350,99.7350,73
2021-08-04,99.8466,99.8466,99.8466,99.8466,55
2021-08-03,99.9047,99.9047,99.9047,99.9047,5
2021-08-02,99.9010,99.9010,99.9010,99.9010,254
2021-07-30,99.7000,99.7767,99.7000,99.7767,213
2021-07-29,99.6810,99.7037,99.6800,99.7037,509
2021-07-28,99.6950,99.7550,99.6950,99.7550,163
2021-07-27,99.7154,99.7154,99.7154,99.7154,14
2021-07-26,99.6750,99.6750,99.6390,99.6525,1736
2021-07-23,99.6201,99.6900,99.6201,99.6410,14144
2021-07-22,99.6400,99.6452,99.6382,99.6382,203
2021-07-21,99.5550,99.5550,99.5483,99.5483,158
2021-07-20,99.7074,99.7074,99.7074,99.7074,37
2021-07-19,99.6600,99.6650,99.5850,99.6503,20415
2021-07-16,99.4300,99.4900,99.4300,99.4900,129
2021-07-15,99.4800,99.4800,99.4800,99.4800,2
2021-07-14,99.3600,99.3650,99.3500,99.3500,13807
2021-07-13,99.2551,99.2551,99.2551,99.2551,60
2021-07-12,99.3801,99.3801,99.3801,99.3801,135
2021-07-09,99.3801,99.3801,99.3801,99.3801,43
2021-07-08,99.4600,99.5450,99.4600,99.5085,2441
2021-07-07,99.4650,99.4650,99.4200,99.4470,3517
2021-07-06,99.2900,99.3650,99.2900,99.3650,13271
2021-07-02,99.1800,99.2200,99.1800,99.2040,15272
2021-07-01,99.1350,99.1350,99.1350,99.1350,149
2021-06-30,99.1731,99.1731,99.1731,99.1731,20
2021-06-29,99.0901,99.1312,99.0901,99.1312,1340
2021-06-28,99.0300,99.1000,99.0300,99.0851,2486
2021-06-25,99.0452,99.0452,99.0452,99.0452,18
2021-06-24,99.0950,99.1040,99.0950,99.1040,116
2021-06-23,99.1200,99.1200,99.1000,99.1000,480
2021-06-22,99.1100,99.1300,99.1100,99.1290,3904
2021-06-21,99.0705,99.0948,99.0705,99.0948,247
2021-06-18,99.1301,99.1301,99.1301,99.1301,15
2021-06-17,99.0600,99.0846,99.0600,99.0700,1196
2021-06-16,99.0950,99.0950,99.0109,99.0800,4456
2021-06-15,99.3500,99.3700,99.3000,99.3353,10679
2021-06-14,99.3899,99.3899,99.3200,99.3200,404
2021-06-11,99.4260,99.4260,99.4260,99.4260,18
2021-06-10,99.2700,99.4724,99.2700,99.4724,330
2021-06-09,99.3800,99.3800,99.3500,99.3582,307
2021-06-08,99.3083,99.3083,99.3083,99.3083,53
2021-06-07,99.2300,99.2300,99.2300,99.2300,115
2021-06-04,99.2650,99.2650,99.2650,99.2650,10
2021-06-03,99.1200,99.1200,99.1150,99.1150,429
2021-06-02,99.1900,99.2100,99.1710,99.2100,1524
2021-06-01,99.1550,99.1550,99.1550,99.1550,30
2021-05-28,99.1650,99.1908,99.1600,99.1908,5655
2021-05-27,99.1597,99.1597,99.1597,99.1597,191
2021-05-26,99.2100,99.2100,99.2000,99.2050,2016
2021-05-25,99.1500,99.2400,99.1410,99.2400,2347
2021-05-24,99.1000,99.1153,99.1000,99.1153,2196
2021-05-21,99.0250,99.0697,99.0250,99.0697,2683
2021-05-20,99.0000,99.0700,98.9950,99.0700,4204
2021-05-19,99.0200,99.0200,98.9259,98.9259,1461
2021-05-18,98.9800,99.0300,98.9800,99.0300,377
2021-05-17,99.0050,99.0540,99.0000,99.0540,3307
2021-05-14,99.0801,99.0801,99.0801,99.0801,254
2021-05-13,98.9400,99.0081,98.9400,99.0081,455
2021-05-12,98.8300,98.8851,98.8300,98.8851,889
2021-05-11,98.9850,98.9850,98.9101,98.9650,907
2021-05-10,99.2000,99.2000,99.0700,99.1100,2968
2021-05-07,99.1500,99.2150,99.1475,99.1475,1834
2021-05-06,99.1000,99.1010,99.0310,99.0750,4313
2021-05-05,99.0000,99.0600,98.9940,99.0600,2950
2021-05-04,98.9600,99.0500,98.9600,98.9850,2847
2021-05-03,98.9100,98.9450,98.9100,98.9446,2307
2021-04-30,98.9200,98.9300,98.8800,98.8893,1922
2021-04-29,98.8100,98.9000,98.8000,98.8550,2466
2021-04-28,98.8800,98.8864,98.7600,98.8864,1002
2021-04-27,98.9500,98.9500,98.8200,98.8326,1317
2021-04-26,99.0000,99.0000,98.9082,98.9700,2503
2021-04-23,99.0100,99.0100,98.8801,98.9800,1888
2021-04-22,98.9250,99.0400,98.8600,99.0010,1599
2021-04-21,99.0100,99.0100,98.9000,98.9705,997
2021-04-20,98.7900,99.3000,98.7900,99.0441,3736
2021-04-19,99.1200,99.1300,98.9850,99.1012,4561
2021-04-16,100.8900,100.8900,98.7700,99.2447,4517
2021-04-15,99.0200,99.0500,99.0083,99.0083,7728
2021-04-14,98.8050,98.8109,98.7800,98.8109,2271
2021-04-13,98.7300,98.8229,98.7300,98.8229,1000
2021-04-12,98.7092,98.7092,98.7092,98.7092,0
2021-04-09,98.7557,98.7557,98.7557,98.7557,0
2021-04-08,98.8150,98.8150,98.8150,98.8150,1000
2021-04-07,98.7200,98.7300,98.7200,98.7216,1000
2021-04-06,98.6400,98.7109,98.6400,98.7109,2001
2021-04-05,98.4990,98.5232,98.4990,98.5232,400
2021-04-01,98.6000,98.6450,98.5900,98.6450,1604
2021-03-31,98.4800,98.5146,98.4800,98.5146,504
2021-03-30,98.5128,98.5128,98.5128,98.5128,0
2021-03-29,98.5366,98.5366,98.5366,98.5366,678
2021-03-26,98.6590,98.6600,98.6350,98.6350,678
2021-03-25,98.7318,98.7318,98.7318,98.7318,10
2021-03-24,98.7258,98.7258,98.7258,98.7258,101
2021-03-23,98.6400,98.6877,98.6400,98.6877,101
2021-03-22,98.5450,98.5650,98.5450,98.5650,108
2021-03-19,98.4773,98.4773,98.4773,98.4773,2009
2021-03-18,98.5100,98.5167,98.4898,98.4898,2009
2021-03-17,98.5400,98.7015,98.5400,98.7015,200
2021-03-16,98.6294,98.6294,98.6294,98.6294,600
2021-03-15,98.6183,98.6183,98.6183,98.6183,4201
2021-03-12,98.5800,98.6000,98.5800,98.5926,4201
2021-03-11,98.8417,98.8417,98.8417,98.8417,0
2021-03-10,98.7392,98.7392,98.7392,98.7392,917
2021-03-09,98.6420,98.6420,98.6250,98.6250,917
2021-03-08,98.5800,98.5800,98.5305,98.5305,101
2021-03-05,98.7500,98.7600,98.7500,98.7600,100
2021-03-04,98.8450,98.8450,98.8450,98.8450,2
2021-03-03,98.9900,99.0118,98.9900,99.0118,510
2021-03-02,99.1900,99.1900,99.1600,99.1800,965
2021-03-01,99.0572,99.1076,99.0572,99.1076,407
2021-02-26,98.9831,98.9831,98.9831,98.9831,70
2021-02-25,98.9101,98.9101,98.7532,98.7532,304
2021-02-24,99.3644,99.3644,99.3644,99.3644,12
2021-02-23,99.4180,99.4199,99.3988,99.3988,401
2021-02-22,99.3550,99.3550,99.3550,99.3550,1578
2021-02-19,99.4550,99.4550,99.4550,99.4550,598
2021-02-18,99.5850,99.5850,99.5850,99.5850,9
2021-02-17,99.5600,99.5800,99.5600,99.5650,1864
2021-02-16,99.5890,99.6000,99.5291,99.5291,4815
2021-02-12,99.8190,99.8190,99.7846,99.7846,1878
2021-02-11,99.8550,99.8651,99.8550,99.8651,531
2021-02-10,99.8500,99.8714,99.8500,99.8714,351
2021-02-09,99.8300,99.8400,99.7700,99.7850,6819
2021-02-08,99.8100,99.8100,99.7524,99.7524,3318
2021-02-05,99.7616,99.7616,99.7616,99.7616,1502
2021-02-04,99.7850,99.7850,99.7850,99.7850,800
2021-02-03,99.7890,99.8000,99.7650,99.7650,800
2021-02-02,99.8096,99.8096,99.8096,99.8096,702
2021-02-01,99.8800,99.8800,99.8710,99.8710,702
2021-01-29,99.8490,99.8493,99.8490,99.8493,1503
2021-01-28,99.8549,99.8549,99.8549,99.8549,0
2021-01-27,99.8963,99.8963,99.8963,99.8963,841
2021-01-26,99.9500,99.9500,99.8900,99.9150,841
2021-01-25,99.9172,99.9172,99.9172,99.9172,0
2021-01-22,99.8349,99.8349,99.8349,99.8349,193
2021-01-21,99.7950,99.7950,99.7950,99.7950,193
2021-01-20,99.8357,99.8357,99.8357,99.8357,3
2021-01-19,99.8350,99.8350,99.8350,99.8350,2
2021-01-15,99.8077,99.8077,99.8077,99.8077,333
2021-01-14,99.8200,99.8200,99.7270,99.7270,333
2021-01-13,99.7569,99.7569,99.7569,99.7569,66
2021-01-12,99.6647,99.6647,99.6647,99.6647,1
2021-01-11,99.6650,99.6650,99.6650,99.6650,3
2021-01-08,99.7250,99.7250,99.7250,99.7250,3
2021-01-07,99.8300,99.8300,99.7850,99.8137,2099
2021-01-06,99.8590,99.8746,99.8590,99.8746,109
2021-01-05,100.0600,100.0799,100.0500,100.0500,751
2021-01-04,100.1229,100.1229,100.1229,100.1229,0
2020-12-31,100.1600,100.1600,100.1550,100.1550,102
2020-12-30,100.1046,100.1046,100.1046,100.1046,0
2020-12-29,100.0650,100.0650,100.0650,100.0650,0
2020-12-28,100.0630,100.0630,100.0630,100.0630,0
2020-12-24,100.0267,100.0267,100.0267,100.0267,1414
2020-12-23,99.9900,100.0000,99.9900,99.9901,1414
2020-12-22,100.0300,100.0300,100.0300,100.0300,2345
2020-12-21,99.9890,99.9900,99.9601,99.9601,2345
2020-12-18,100.0001,100.0001,99.9850,99.9850,1000
2020-12-17,100.0900,100.0900,99.9950,99.9950,1218
2020-12-16,100.0050,100.0050,100.0050,100.0050,1351
2020-12-15,100.0100,100.0100,100.0050,100.0050,1351
2020-12-14,100.0190,100.0200,99.9950,99.9950,425
2020-12-11,100.0161,100.0161,100.0161,100.0161,33
2020-12-10,99.9100,99.9500,99.9032,99.9300,3907
2020-12-09,99.8600,99.8600,99.8450,99.8550,1650
2020-12-08,100.0090,100.0090,99.9700,99.9700,1303
2020-12-07,99.9800,99.9800,99.9550,99.9550,1800
2020-12-04,99.8608,99.8608,99.8608,99.8608,0
2020-12-03,99.9750,99.9750,99.9750,99.9750,0
2020-12-02,99.8750,99.8750,99.8750,99.8750,1100
2020-12-01,99.8800,99.9190,99.8800,99.9006,1100
2020-11-30,100.0700,100.0700,100.0450,100.0450,2066
2020-11-27,99.9900,99.9900,99.9900,99.9900,701
2020-11-25,99.9600,99.9600,99.9100,99.9100,701
2020-11-24,99.8850,99.8850,99.8850,99.8850,553
2020-11-23,99.8990,99.9000,99.8850,99.8850,553
2020-11-20,99.9100,99.9400,99.9100,99.9150,4981
2020-11-19,99.8900,99.8900,99.8900,99.8900,1
2020-11-18,99.8500,99.8500,99.8500,99.8500,0
2020-11-17,99.8500,99.8500,99.8500,99.8500,876
2020-11-16,99.7990,99.8000,99.7700,99.7700,876
2020-11-13,99.7706,99.7706,99.7706,99.7706,4256
2020-11-12,99.7890,99.7900,99.7741,99.7741,4256
2020-11-11,99.6690,99.6700,99.6553,99.6553,1004
2020-11-10,99.6890,99.6890,99.6400,99.6400,100
2020-11-09,99.7100,99.7463,99.7010,99.7463,4126
2020-11-06,99.8900,99.9400,99.8900,99.9048,1001
2020-11-05,99.9987,99.9987,99.9987,99.9987,2561
2020-11-04,99.9600,99.9800,99.9590,99.9748,2561
2020-11-03,99.6650,99.6650,99.6650,99.6650,1
2020-11-02,99.7024,99.7024,99.7024,99.7024,1
2020-10-30,99.6999,99.6999,99.6999,99.6999,830
2020-10-29,99.8200,99.8200,99.7700,99.7700,830
2020-10-28,99.9100,99.9100,99.8850,99.8850,704
2020-10-27,99.9300,99.9300,99.9150,99.9150,710
2020-10-26,99.8900,99.8900,99.8600,99.8600,3900
2020-10-23,99.8100,99.8100,99.7900,99.7900,4617
2020-10-22,99.7800,99.7800,99.7500,99.7500,5600
2020-10-21,99.8400,99.8400,99.8243,99.8243,320
2020-10-20,99.8471,99.8471,99.8471,99.8471,126687
2020-10-19,99.9100,99.9200,99.8900,99.8900,126687
2020-10-16,99.9500,99.9600,99.9250,99.9250,2135
2020-10-15,100.0000,100.0000,99.9450,99.9450,3312
2020-10-14,100.0000,100.0000,99.9750,99.9750,3985
2020-10-13,99.9790,99.9900,99.9632,99.9650,3635
2020-10-12,99.9600,99.9700,99.9400,99.9400,5685
2020-10-09,99.9700,99.9800,99.9400,99.9400,1820
2020-10-08,99.9900,99.9950,99.9717,99.9950,650
2020-10-07,99.9500,99.9600,99.9200,99.9200,6350
2020-10-06,100.0100,100.0300,100.0100,100.0300,10080
2020-10-05,100.0300,100.0400,99.9950,99.9950,10725
2020-10-02,100.0800,100.0800,100.0500,100.0550,87090
