date,open,close,high,low,volume,50_ma,100_ma,200_ma,RSI
2022-06-21,47.32,48.11,48.44,46.954,19622147.0,,,,
2022-06-22,48.03,49.07,49.579,47.7708,20384884.0,,,,
2022-06-23,49.23,50.09,50.17,48.98,20061654.0,,,,
2022-06-24,50.65,51.59,51.64,50.3,24343179.0,,,,
2022-06-27,51.48,51.88,52.225,51.26,16154272.0,,,,
2022-06-28,51.83,50.66,51.97,50.41,16458770.0,,,,
2022-06-29,50.73,50.94,51.44,50.66,13909665.0,,,,
2022-06-30,51.69,52.43,52.885,51.085,33495729.0,,,,
2022-07-01,52.04,52.31,52.37,51.25,16143272.0,,,,
2022-07-05,51.75,51.64,51.89,50.4,18407846.0,,,,
2022-07-06,51.64,52.75,52.96,51.58,21305527.0,,,,
2022-07-07,52.95,53.42,53.54,52.79,17847629.0,,,,
2022-07-08,53.05,53.17,53.92,52.76,11322704.0,,,,
2022-07-11,53.0,52.89,53.74,52.75,12924938.0,,,,74.23935091277887
2022-07-12,52.69,52.04,52.78,51.705,14633528.0,,,,68.3473389355742
2022-07-13,51.86,51.79,52.31,51.51,12927324.0,,,,63.59999999999998
2022-07-14,50.75,51.39,51.59,50.63,13977636.0,,,,56.929637526652435
2022-07-15,51.04,51.75,51.91,50.43,19885710.0,,,,50.97087378640774
2022-07-18,51.96,50.75,51.97,50.52,15742859.0,,,,43.68715083798882
2022-07-19,51.04,51.37,51.51,50.605,13402113.0,,,,54.25149700598803
2022-07-20,51.39,50.82,51.46,50.5137,12751896.0,,,,49.30394431554526
2022-07-21,50.57,51.12,51.14,50.18,15103832.0,,,,41.18438761776579
2022-07-22,51.26,51.23,51.53,50.95,10932118.0,,,,42.72237196765495
2022-07-25,51.34,51.77,51.875,51.34,12995817.0,,,,50.89163237311387
2022-07-26,51.84,52.3,52.85,51.71,16632506.0,,,,46.64679582712367
2022-07-27,51.94,51.95,52.2544,51.185,19143197.0,,,,38.4976525821596
2022-07-28,50.845,50.72,52.33,49.1,38984890.0,,,,33.37856173677065
2022-07-29,50.56,50.51,50.71,49.28,25037899.0,,,,33.69863013698627
2022-08-01,50.32,50.61,51.3,50.15,19676862.0,,,,39.083969465648835
2022-08-02,50.9,49.69,51.47,49.63,17802024.0,,,,35.45706371191133
2022-08-03,49.79,49.86,50.07,49.34,16500076.0,,,,39.055793991416294
2022-08-04,49.9,49.86,50.045,49.21,17026274.0,,,,35.7466063348416
2022-08-05,49.64,49.27,49.97,49.0629,16376601.0,,,,38.102893890675254
2022-08-08,49.39,49.57,49.81,48.94,16077441.0,,,,34.745762711864415
2022-08-09,49.75,49.78,50.11,49.52,12066985.0,,,,40.64748201438849
2022-08-10,49.925,49.95,50.045,49.38,17355136.0,,,,39.226519337016626
2022-08-11,48.22,48.29,49.13,47.81,44048790.0,,,,28.939828080229262
2022-08-12,48.55,50.11,50.39,48.55,25835465.0,,,,39.95157384987891
2022-08-15,49.97,49.75,50.065,49.385,15797763.0,,,,34.239802224969125
2022-08-16,49.38,49.86,50.18,49.36,12874773.0,,,,36.687898089171966
2022-08-17,49.65,49.27,49.86,49.25,13607173.0,,,,39.94452149791959
2022-08-18,49.39,48.58,49.5198,48.38,18838324.0,,,,37.451235370611194
2022-08-19,48.84,49.15,49.445,48.73,15350198.0,,,,41.053921568627445
2022-08-22,49.21,48.9,49.395,48.735,13601214.0,,,,44.72630173564753
2022-08-23,48.42,48.01,48.52,47.76,16248857.0,,,,38.73325213154689
2022-08-24,47.9,47.43,48.01,47.38,15551472.0,,,,36.177474402730375
2022-08-25,47.52,47.9,47.95,47.27,14360001.0,,,,42.09919261822374
2022-08-26,47.62,46.82,47.96,46.701,16546733.0,,,,35.449735449735456
2022-08-29,46.375,46.23,46.69,46.12,13400450.0,,,,31.94303153611392
2022-08-30,46.34,45.85,46.35,45.795,16303015.0,50.303999999999995,,,29.5816733067729
2022-08-31,46.01,45.23,46.285,45.13,26416771.0,50.246399999999994,,,32.999999999999986
2022-09-01,45.14,46.63,46.65,45.14,19947618.0,50.1976,,,29.72027972027975
2022-09-02,46.74,45.7,46.8,45.53,14007687.0,50.10980000000001,,,27.868852459016423
2022-09-06,45.96,45.76,46.44,45.53,17153474.0,49.993199999999995,,,27.47252747252746
2022-09-07,45.7,46.13,46.21,45.38,15378914.0,49.8782,,,32.31981981981984
2022-09-08,46.02,47.08,47.12,45.87,18271038.0,49.806599999999996,,,41.79431072210066
2022-09-09,47.2,47.84,47.99,47.1,17509282.0,49.7446,,,42.97963558413723
2022-09-12,48.08,47.76,48.35,47.69,13744796.0,49.651199999999996,,,43.77729257641922
2022-09-13,47.13,46.19,47.32,46.02,16603176.0,49.528800000000004,,,40.752032520325216
2022-09-14,46.2,46.15,46.41,45.78,17162514.0,49.419000000000004,,,43.11827956989248
2022-09-15,46.11,45.94,46.29,45.7,15801972.0,49.28280000000001,,,39.159292035398245
2022-09-16,46.09,46.03,46.62,45.64,30629508.0,49.135,,,45.09316770186337
2022-09-19,45.68,45.44,45.88,44.78,16256161.0,48.9804,,,45.09316770186337
2022-09-20,45.0,44.77,45.27,44.44,15368999.0,48.818000000000005,,,43.52517985611512
2022-09-21,44.81,43.92,44.98,43.9,17505210.0,48.65559999999999,,,42.35705950991836
2022-09-22,43.67,44.57,45.0,43.52,18508104.0,48.5112,,,36.828644501278774
2022-09-23,44.44,44.08,44.56,43.575,18871669.0,48.365,,,39.024390243902424
2022-09-26,43.81,43.83,44.33,43.67,18680218.0,48.2066,,,37.2523117569353
2022-09-27,44.22,44.09,44.58,43.735,21562666.0,48.0734,,,36.327077747989314
2022-09-28,44.67,44.43,44.81,44.215,16532559.0,47.9346,,,30.656934306569397
2022-09-29,44.41,44.16,44.62,43.95,13559863.0,47.801399999999994,,,21.069182389937126
2022-09-30,44.17,43.76,44.605,43.73,22962293.0,47.6542,,,20.05988023952098
2022-10-03,44.07,44.14,44.28,43.49,22834282.0,47.5124,,,31.329690346083837
2022-10-04,44.25,44.46,44.84,44.09,28198847.0,47.3662,,,35.3552859618718
2022-10-05,44.12,44.12,44.37,43.68,15673442.0,47.20259999999999,,,34.57627118644071
2022-10-06,43.76,43.09,43.775,43.04,22068158.0,47.0254,,,28.50877192982459
2022-10-07,43.05,42.32,43.05,41.9208,20095005.0,46.857400000000005,,,27.7777777777778
2022-10-10,42.35,41.75,42.62,41.75,17873502.0,46.6822,,,28.17919075144509
2022-10-11,41.66,41.92,42.57,41.445,20981150.0,46.508399999999995,,,33.974358974359006
2022-10-12,42.09,42.03,43.14,41.92,18803628.0,46.355199999999996,,,27.719298245614084
2022-10-13,41.76,42.98,43.16,41.7,23135226.0,46.217600000000004,,,41.07142857142856
2022-10-14,42.89,42.86,43.375,42.36,16983573.0,46.077600000000004,,,41.956882255389736
2022-10-17,43.19,43.65,43.81,43.19,16678396.0,45.9652,,,46.64634146341459
2022-10-18,44.05,44.09,44.36,43.6201,18442763.0,45.855599999999995,,,47.44744744744747
2022-10-19,43.91,43.11,44.07,42.74,23054685.0,45.7222,,,42.876526458616034
2022-10-20,43.27,42.91,43.41,42.8226,17714964.0,45.581399999999995,,,44.07252440725243
2022-10-21,43.31,44.95,45.16,42.99,36575713.0,45.5146,,,54.586636466591166
2022-10-24,45.075,45.54,45.87,44.985,24971991.0,45.42320000000001,,,55.93406593406592
2022-10-25,45.27,45.59,45.82,44.89,23102979.0,45.34,,,58.34279228149832
2022-10-26,45.92,46.06,46.65,45.62,21413029.0,45.264,,,67.99999999999997
2022-10-27,45.81,45.74,46.1079,45.68,20377727.0,45.193400000000004,,,71.9230769230769
2022-10-28,45.98,47.43,47.52,45.93,27854043.0,45.1704,,,81.83856502242149
2022-10-31,47.08,46.55,47.385,46.54,29961713.0,45.1184,,,74.03946002076839
2022-11-01,48.0,48.01,48.42,47.4,30614537.0,45.10059999999999,,,77.23132969034604
2022-11-02,47.77,47.07,48.17,46.95,25813065.0,45.0818,,,68.64175022789425
2022-11-03,46.36,46.57,46.8,46.16,20124634.0,45.0646,,,66.34361233480175
2022-11-04,47.47,47.22,47.54,46.61,24528468.0,45.050999999999995,,,65.92328278322924
2022-11-07,47.16,47.09,47.65,46.75,20304409.0,45.056400000000004,,,63.761467889908246
2022-11-08,47.04,47.35,47.75,46.745,18054518.0,45.0788,,,70.82514734774068
2022-11-09,47.16,46.72,47.5,46.7,15348079.0,45.09620000000001,47.7001,,67.95475966069746
2022-11-10,47.525,47.38,47.75,46.85,20480615.0,45.1392,47.692800000000005,,63.16359696641387
2022-11-11,47.07,47.6,47.695,46.31,20909838.0,45.1586,47.67809999999999,,61.625282167042904
2022-11-14,47.99,49.24,49.82,47.93,25876172.0,45.2294,47.66959999999999,,67.46411483253588
2022-11-15,49.34,48.57,49.525,48.18,25440490.0,45.2856,47.6394,,61.784037558685434
2022-11-16,48.8,48.05,49.06,48.05,15822201.0,45.324,47.6011,,60.64516129032256
2022-11-17,47.8,48.33,48.495,47.53,13237454.0,45.349,47.5778,,54.76694915254237
2022-11-18,48.64,48.23,48.83,47.87,20666479.0,45.35679999999999,47.5507,,59.699769053117784
2022-11-21,48.1,48.18,48.28,47.72,14735974.0,45.3652,47.508199999999995,,51.172413793103466
2022-11-22,48.34,49.08,49.2471,48.24,16358550.0,45.423,47.4759,,63.9389736477115
2022-11-23,48.96,48.85,49.22,48.52,10710793.0,45.477,47.448,,66.42651296829973
2022-11-25,48.93,49.21,49.22,48.835,6760162.0,45.5424,47.41259999999999,,64.96240601503762
2022-11-28,49.18,49.57,49.74,49.06,20704896.0,45.613200000000006,47.3741,,68.02325581395345
2022-11-29,49.5,49.49,49.67,49.095,17160870.0,45.6942,47.3373,,65.97014925373134
2022-11-30,49.64,50.13,50.13,49.04,35572670.0,45.8014,47.3097,,75.4098360655738
2022-12-01,50.31,51.08,51.155,50.28,23592586.0,45.9446,47.3001,,76.42857142857143
2022-12-02,50.56,50.91,51.325,50.48,16881642.0,46.0714,47.2913,,73.81294964028774
2022-12-05,50.91,50.73,51.03,50.345,17959788.0,46.20439999999999,47.2847,,63.5701275045537
2022-12-06,50.665,49.71,50.85,49.18,21787073.0,46.321999999999996,47.264300000000006,,59.76027397260276
2022-12-07,49.75,50.24,51.15,49.75,15929936.0,46.445,47.2592,,68.7179487179488
2022-12-08,50.18,51.78,51.865,50.02,26116792.0,46.592,47.2633,,74.2616033755275
2022-12-09,51.75,51.72,52.84,51.63,19933540.0,46.74320000000001,47.2723,,74.68175388967475
2022-12-12,52.12,52.16,52.59,51.75,18532230.0,46.9112,47.282700000000006,,76.67560321715821
2022-12-13,53.1,53.07,54.04,52.88,29461763.0,47.089800000000004,47.3011,,76.70682730923699
2022-12-14,53.14,54.48,54.93,52.9,36260307.0,47.290200000000006,47.32820000000001,,82.54335260115607
2022-12-15,54.07,53.61,54.43,53.395,21630297.0,47.48,47.341300000000004,,74.01746724890832
2022-12-16,53.01,51.4,53.14,51.4,65689492.0,47.6462,47.335800000000006,,58.31062670299728
2022-12-19,51.52,51.36,51.81,50.695,15987888.0,47.827,47.342200000000005,,58.523245214220594
2022-12-20,51.21,51.32,51.51,50.84,12433844.0,48.01839999999999,47.3503,,55.73770491803278
2022-12-21,51.605,51.66,52.16,51.2,12925025.0,48.21320000000001,47.3608,,52.97131147540983
2022-12-22,51.41,51.64,51.7,50.95,14824093.0,48.4054,47.3803,,53.798126951092634
2022-12-23,51.555,51.83,51.95,51.24,10666541.0,48.5824,47.4,,55.717255717255725
2022-12-27,51.86,51.13,51.93,51.05,12033763.0,48.7478,47.4127,,57.63440860215056
2022-12-28,51.05,50.8,51.39,50.75,10053917.0,48.8908,47.428000000000004,,53.07692307692306
2022-12-29,51.02,51.33,51.665,50.99,8971290.0,49.0356,47.445600000000006,,47.2187886279357
2022-12-30,51.29,51.24,51.4,50.745,11396189.0,49.1982,47.46019999999999,,47.044334975369466
2023-01-03,51.01,51.26,51.325,50.82,15603793.0,49.3652,47.4733,,44.15584415584415
2023-01-04,50.29,50.13,50.63,49.522,21808425.0,49.468799999999995,47.4917,,31.439393939393895
2023-01-05,49.73,49.66,49.99,48.92,20057412.0,49.5512,47.4872,,15.472779369627432
2023-01-06,49.98,50.92,51.6,49.56,29635946.0,49.65780000000001,47.498900000000006,,31.750339213025768
2023-01-09,50.05,48.39,50.26,48.31,30839126.0,49.70439999999999,47.484199999999994,,30.42912873862157
2023-01-10,48.35,47.62,48.47,47.38,29212004.0,49.742,47.46770000000001,,27.79097387173394
2023-01-11,47.7,47.45,47.74,46.86,23022229.0,49.7424,47.4564,,27.368421052631575
2023-01-12,47.27,47.71,47.72,46.58,23345252.0,49.76559999999999,47.442,,26.682408500590327
2023-01-13,47.5,47.85,48.16,47.49,18737546.0,49.76240000000001,47.4315,,27.9394644935972
2023-01-17,46.54,46.08,46.74,45.71,29391409.0,49.7426,47.41219999999999,,21.730580137659786
2023-01-18,45.545,45.0,45.85,44.97,33834985.0,49.7112,47.3879,,20.94786729857819
2023-01-19,44.72,44.96,45.27,44.64,26614860.0,49.666000000000004,47.35849999999999,,21.53996101364524
2023-01-20,45.28,45.11,45.43,44.725,25197558.0,49.6264,47.3414,,18.52226720647772
2023-01-23,45.04,44.98,45.32,44.82,19398550.0,49.57899999999999,47.3289,,18.447580645161267
2023-01-24,44.915,44.71,44.95,44.15,18853127.0,49.538799999999995,47.3175,,17.7974434611603
2023-01-25,45.03,45.07,45.1099,44.585,20827990.0,49.4926,47.3159,,23.085106382978722
2023-01-26,44.2,44.25,44.3,43.61,38465463.0,49.4256,47.29209999999999,,22.256410256410263
2023-01-27,44.22,43.79,44.34,43.78,23798610.0,49.3166,47.273,,10.167597765363098
2023-01-30,43.79,43.55,44.135,43.395,24402234.0,49.2162,47.250899999999994,,13.663663663663613
2023-01-31,43.0,44.16,44.275,42.7,49722474.0,49.138400000000004,47.2312,,23.384615384615344
2023-02-01,43.905,43.97,44.18,43.41,24482321.0,49.0512,47.2001,,23.312883435582776
2023-02-02,43.63,44.34,44.46,43.5,35279247.0,48.9734,47.1651,,24.585218702865788
2023-02-03,44.355,44.06,44.39,43.88,23741990.0,48.89099999999999,47.1281,,22.008862629246693
2023-02-06,44.19,43.76,44.3,43.725,18071239.0,48.7846,47.10379999999999,,28.113207547169836
2023-02-07,43.82,43.59,43.9,43.2506,22999453.0,48.679399999999994,47.078199999999995,,33.94077448747157
2023-02-08,43.55,43.98,44.1,43.53,19362311.0,48.574799999999996,47.058600000000006,,39.66244725738391
2023-02-09,44.12,43.34,44.325,43.24,20809245.0,48.450199999999995,47.0317,,33.07839388145317
2023-02-10,43.5,43.88,43.98,43.26,18619569.0,48.338,47.016099999999994,,40.24822695035464
2023-02-13,43.68,43.99,44.01,43.51,17878022.0,48.215199999999996,47.0083,,43.43065693430656
2023-02-14,44.09,43.72,44.2,43.58,17506800.0,48.068000000000005,47.00629999999999,,37.4768089053803
2023-02-15,43.42,43.32,43.61,43.11,18999277.0,47.916199999999996,46.9938,,40.64386317907443
2023-02-16,43.15,42.95,43.18,42.77,17832042.0,47.760600000000004,46.9825,,41.393442622950836
2023-02-17,42.89,43.21,43.37,42.58,18293446.0,47.6306,46.9763,,46.53061224489798
2023-02-21,42.81,42.7,42.93,42.62,17356574.0,47.4798,46.962399999999995,,34.791666666666686
2023-02-22,42.72,42.38,42.885,42.31,17394203.0,47.2918,46.9419,,33.874239350912774
2023-02-23,42.29,42.3,42.75,42.22,21104327.0,47.1034,46.9233,,28.01724137931022
2023-02-24,42.03,41.75,42.05,41.505,16806099.0,46.8952,46.903200000000005,,26.4765784114052
2023-02-27,41.44,40.78,41.73,40.73,26356806.0,46.64939999999999,46.8696,,23.297491039426433
2023-02-28,40.5,40.57,40.7099,40.09,31086883.0,46.3712,46.8307,,23.131672597864664
2023-03-01,40.56,40.18,40.76,40.135,21104422.0,46.1026,46.7913,,16.192170818505303
2023-03-02,40.06,40.62,40.78,39.805,19112801.0,45.887,46.7666,,24.907749077490692
2023-03-03,40.91,41.15,41.18,40.74,20922034.0,45.6828,46.754900000000006,,24.768946395563717
2023-03-06,41.09,41.11,41.26,40.82,19434763.0,45.47860000000001,46.74850000000001,,23.033707865168495
2023-03-07,41.06,40.34,41.13,40.1,23205788.0,45.252199999999995,46.7327,,21.061643835616422
2023-03-08,40.32,40.12,40.5668,39.905,16732734.0,45.021800000000006,46.7136,,21.73144876325084
2023-03-09,40.41,39.46,40.57,39.31,18585103.0,44.77440000000001,46.6784,,20.672268907562994
2023-03-10,39.29,39.39,39.93,39.23,26328104.0,44.5396,46.643699999999995,,16.840277777777757
2023-03-13,39.255,39.86,40.505,39.255,35299377.0,44.3208,46.6058,,25.174825174825145
2023-03-14,40.05,39.9,40.15,39.52,24583595.0,44.09219999999999,46.5639,,27.20588235294113
2023-03-15,39.76,40.28,40.53,39.46,25498384.0,43.873000000000005,46.5356,,32.404181184669014
2023-03-16,40.06,40.37,40.49,39.72,21100883.0,43.655199999999994,46.510200000000005,,36.93181818181814
2023-03-17,40.625,40.1,40.79,39.985,57457785.0,43.4546,46.4617,,42.576419213973786
2023-03-20,40.14,40.81,40.86,39.94,20825382.0,43.2776,46.41440000000001,,52.36220472440947
2023-03-21,40.86,40.66,40.91,40.31,19981978.0,43.072399999999995,46.365100000000005,,54.958677685950384
2023-03-22,40.7,40.01,40.85,39.99,15444160.0,42.904799999999994,46.3046,,43.96039603960397
2023-03-23,40.17,40.18,40.4972,40.0,16958146.0,42.756,46.248999999999995,,39.658848614072504
2023-03-24,40.09,40.39,40.455,39.8748,17221115.0,42.614799999999995,46.178599999999996,,42.5925925925926
2023-03-27,40.54,40.22,40.62,39.97,20262829.0,42.465,46.115300000000005,,48.5915492957746
2023-03-28,40.2,39.99,40.3,39.86,13537518.0,42.3078,46.0351,,48.477751756440334
2023-03-29,40.16,40.25,40.27,39.99,14429511.0,42.1912,45.966899999999995,,60.206718346253226
2023-03-30,40.42,40.38,40.49,40.25,12634521.0,42.098800000000004,45.905,,62.59541984732827
2023-03-31,40.55,40.8,40.83,40.28,23393576.0,42.01559999999999,45.8408,,62.11340206185566
2023-04-03,40.69,41.35,41.4668,40.65,20817194.0,41.94040000000001,45.7834,,66.51480637813215
2023-04-04,41.44,40.9,41.53,40.76,19514531.0,41.8588,45.718900000000005,,56.950672645739886
2023-04-05,41.285,41.55,42.22,41.17,29697621.0,41.79560000000001,45.667199999999994,46.68365,61.752988047808756
2023-04-06,41.93,41.5,42.095,41.3743,25931833.0,41.7242,45.60839999999999,46.6506,64.58333333333331
2023-04-10,41.15,41.73,41.74,41.12,15137290.0,41.6738,45.5497,46.613899999999994,60.64814814814808
2023-04-11,41.8,41.79,41.99,41.7,15304123.0,41.6338,45.4752,46.572399999999995,63.35697399527191
2023-04-12,41.63,41.37,41.79,41.27,17035066.0,41.5902,45.4032,46.521300000000004,67.0
2023-04-13,41.53,41.47,41.7,41.295,22880859.0,41.5364,45.337399999999995,46.46925,66.41221374045801
2023-04-14,41.505,41.19,41.71,40.93,20627484.0,41.4808,45.26599999999999,46.42190000000001,59.99999999999996
2023-04-17,41.12,41.18,41.28,40.96,17608635.0,41.4176,45.1955,46.373099999999994,62.50000000000002
2023-04-18,41.28,40.55,41.33,40.53,18541480.0,41.3474,45.1192,46.3137,56.6037735849056
2023-04-19,40.43,40.24,40.56,40.2,17214344.0,41.277,45.0308,46.25335,49.883449883449906
2023-04-20,40.08,39.85,40.19,39.79,20131599.0,41.202200000000005,44.940799999999996,46.1944,44.17582417582416
2023-04-21,40.09,40.21,40.3,39.905,19227109.0,41.1268,44.85080000000001,46.1317,43.429844097995584
2023-04-24,40.19,39.91,40.2,39.71,17633652.0,41.0582,44.7542,46.06415,33.01886792452825
2023-04-25,39.75,39.33,39.92,39.285,24492373.0,40.967200000000005,44.6526,45.994949999999996,32.0366132723112
2023-04-26,39.16,38.63,39.19,38.4,22401426.0,40.86,44.537600000000005,45.923649999999995,16.96832579185522
2023-04-27,38.62,38.74,38.83,38.31,22434048.0,40.7604,44.4142,45.857150000000004,19.19642857142857
2023-04-28,38.7,38.89,38.91,38.615,21015333.0,40.6718,44.294000000000004,45.792649999999995,17.727272727272762
2023-05-01,39.0,39.21,39.52,38.86,23917757.0,40.597,44.178799999999995,45.731750000000005,22.317596566523605
2023-05-02,39.29,39.06,40.115,38.63,38834136.0,40.514,44.0723,45.6683,23.690205011389537
2023-05-03,39.2,38.45,39.39,38.36,27721928.0,40.429,43.95439999999999,45.6068,19.18367346938774
2023-05-04,38.17,38.23,38.43,38.02,23675132.0,40.346,43.818900000000006,45.5411,19.421487603305764
2023-05-05,38.38,38.49,38.5,38.09,19225050.0,40.269800000000004,43.6866,45.47945,23.575638506876274
2023-05-08,38.53,38.67,38.73,38.35,20101723.0,40.208200000000005,43.551700000000004,45.4172,29.741379310344882
2023-05-09,38.48,38.48,38.67,38.39,15987904.0,40.162200000000006,43.4058,45.35345,30.530973451327412
2023-05-10,38.67,38.3,38.72,38.08,15858223.0,40.116800000000005,43.244,45.286100000000005,32.01856148491879
2023-05-11,37.6,37.58,37.65,37.205,28548365.0,40.0648,43.0837,45.2125,21.84154175588867
2023-05-12,37.61,37.35,37.72,37.23,16541294.0,39.999399999999994,42.9432,45.1395,22.173913043478322
2023-05-15,37.3,37.16,37.36,37.005,16650412.0,39.9196,42.8012,45.0717,24.22802850356298
2023-05-16,37.02,37.01,37.24,36.83,25451711.0,39.837599999999995,42.658100000000005,45.0042,27.868852459016395
2023-05-17,36.98,36.75,37.05,36.51,23206392.0,39.7658,42.50900000000001,44.9349,23.88451443569558
2023-05-18,36.71,36.48,36.78,36.17,27772415.0,39.693000000000005,42.3574,44.86885,19.338422391857563
2023-05-19,36.65,36.77,37.654,36.52,33068322.0,39.6392,42.2068,44.80339999999999,18.7179487179489
2023-05-22,36.86,38.75,38.865,36.75,85718553.0,39.6264,42.083,44.74785,47.29493891797556
2023-05-23,38.55,39.64,40.14,38.0,75379535.0,39.622,41.971399999999996,44.6997,59.900166389351035
2023-05-24,40.1,38.63,40.14,38.6,39326373.0,39.596599999999995,41.84439999999999,44.645,52.941176470588275
2023-05-25,38.51,37.83,38.51,37.65,30266597.0,39.547599999999996,41.7103,44.585249999999995,45.50408719346048
2023-05-26,38.04,37.6,38.44,37.5635,20234632.0,39.4922,41.5737,44.523500000000006,42.76048714479026
2023-05-30,37.36,37.01,37.36,36.92,18946837.0,39.4304,41.4425,44.4671,40.56482670089861
2023-05-31,37.1,38.02,38.22,36.87,46166368.0,39.3746,41.3261,44.40665,48.375870069605604
2023-06-01,38.12,38.02,38.21,37.7,20256138.0,39.321799999999996,41.1971,44.34799999999999,52.7848101265823
2023-06-02,38.25,38.36,38.66,38.16,22729748.0,39.2888,41.0968,44.2905,56.30461922596752
2023-06-05,38.48,38.65,39.015,38.34,19785006.0,39.258199999999995,41.0071,44.2374,59.1861898890259
2023-06-06,38.81,38.37,38.86,38.2932,19508225.0,39.217800000000004,40.9163,44.186350000000004,58.252427184466
2023-06-07,38.35,38.89,39.06,38.13,25295133.0,39.1912,40.828100000000006,44.13505,62.58823529411763
2023-06-08,39.04,39.09,39.19,38.73,17353721.0,39.1732,40.7405,44.086000000000006,65.48042704626336
2023-06-09,39.28,38.97,39.59,38.8727,19765462.0,39.1476,40.6694,44.0408,63.31719128329293
2023-06-12,39.01,39.9,40.065,38.99,28340776.0,39.138000000000005,40.6184,44.003150000000005,57.97503467406377
2023-06-13,39.67,40.28,40.365,39.45,26533763.0,39.1276,40.5716,43.96505,54.776119402985074
2023-06-14,40.32,39.36,40.34,39.315,22056424.0,39.0878,40.514100000000006,43.927749999999996,55.521936459909185
2023-06-15,39.41,39.75,39.83,39.28,19905906.0,39.0648,40.461800000000004,43.89535,65.48387096774191
2023-06-16,39.86,40.06,40.36,39.845,60338565.0,39.035,40.4153,43.86639999999999,69.58598726114644
2023-06-20,39.71,39.34,39.87,39.33,26881166.0,38.9918,40.358000000000004,43.836949999999995,68.17472698907956
2023-06-21,39.2,38.9,39.24,38.76,17956944.0,38.9352,40.3045,43.7983,57.5342465753424
2023-06-22,38.94,38.73,38.986,38.41,18047000.0,38.874,40.2539,43.763450000000006,55.906821963394265
2023-06-23,38.71,38.3,38.87,38.28,23492234.0,38.8126,40.2014,43.72615,49.50819672131146
2023-06-26,37.015,36.89,37.05,36.16,56135475.0,38.721,40.1287,43.67995,37.81163434903052
2023-06-27,36.96,36.42,37.0,36.28,32414948.0,38.6256,40.053200000000004,43.62665,36.842105263157954
2023-06-28,36.5,36.29,36.54,36.0334,30061996.0,38.5278,39.9727,43.568900000000006,31.48148148148151
2023-06-29,35.99,36.12,36.22,35.76,26284883.0,38.4392,39.893299999999996,43.5107,28.755364806866964
2023-06-30,36.21,36.68,36.75,36.14,30867939.0,38.367999999999995,39.8225,43.46315,34.589502018842566
2023-07-03,36.5,36.65,36.745,36.35,14115809.0,38.304,39.7531,43.41565,25.114854517611093
2023-07-05,36.58,36.46,37.02,36.39,26829419.0,38.229,39.6779,43.368249999999996,19.87381703470035
2023-07-06,36.2,35.63,36.27,35.62,30214368.0,38.1434,39.6008,43.31625,20.160000000000053
2023-07-07,35.52,35.53,35.77,35.35,22903336.0,38.0674,39.5173,43.2667,14.597315436241672
2023-07-10,35.57,35.68,36.01,35.5401,17777495.0,38.008399999999995,39.434200000000004,43.22125,12.24137931034484
2023-07-11,35.64,36.02,36.04,35.615,17731329.0,37.95399999999999,39.3572,43.18175,19.372693726937314
2023-07-12,36.2,35.99,36.25,35.92,17229687.0,37.896,39.2839,43.138850000000005,20.95808383233539
2023-07-13,36.01,36.06,36.36,35.92,16664403.0,37.833,39.215,43.09875,22.810590631364633
2023-07-14,36.3,36.32,36.49,36.005,17915147.0,37.7782,39.1461,43.0612,29.113924050632946
2023-07-17,36.12,35.86,36.12,35.78,20557095.0,37.7264,39.0777,43.02005,36.41160949868075
2023-07-18,35.92,36.24,36.48,35.8792,22817333.0,37.6866,39.0163,42.979099999999995,47.56756756756758
2023-07-19,36.34,36.44,36.7,36.205,18589659.0,37.6456,38.9577,42.9405,51.989389920424394
2023-07-20,36.4,36.77,37.07,36.36,22358414.0,37.6076,38.907900000000005,42.90554999999999,58.269720101781225
2023-07-21,36.8,37.4,37.43,36.795,24149716.0,37.586000000000006,38.8741,42.87185,58.99999999999999
2023-07-24,37.41,37.51,37.8,37.37,19414710.0,37.5702,38.8435,42.83709999999999,60.53921568627451
2023-07-25,37.4,37.06,37.72,37.045,21770959.0,37.5598,38.8123,42.8018,56.91244239631339
2023-07-26,36.87,37.21,37.345,36.76,20983650.0,37.557,38.7782,42.7724,71.5846994535519
2023-07-27,36.85,36.2,37.01,36.18,25346304.0,37.537800000000004,38.728699999999996,42.741800000000005,57.33041575492344
2023-07-28,36.35,36.07,36.45,36.02,24054065.0,37.519,38.6783,42.7134,54.28571428571429
2023-07-31,36.18,36.06,36.19,35.92,40265244.0,37.5052,38.6355,42.6841,50.473933649289094
2023-08-01,35.88,35.61,36.92,35.37,40951967.0,37.4878,38.5904,42.652,45.905172413793075
2023-08-02,35.63,35.35,35.885,35.275,34301638.0,37.4594,38.549299999999995,42.61385,42.65010351966872
2023-08-03,35.18,35.0,35.28,34.92,25687701.0,37.3844,38.5054,42.57455,36.585365853658516
2023-08-04,34.95,35.02,35.34,34.655,25746459.0,37.292,38.457,42.531400000000005,40.625000000000036
2023-08-07,35.01,35.68,35.855,34.9,27969113.0,37.233000000000004,38.4148,42.489349999999995,44.11764705882349
2023-08-08,36.37,35.64,36.37,35.39,25225525.0,37.1892,38.3684,42.452000000000005,41.304347826086975
2023-08-09,35.6,35.84,36.06,35.51,17210484.0,37.154,38.3231,42.41665,39.597315436241594
2023-08-10,35.82,35.72,36.09,35.595,18955150.0,37.1282,38.279300000000006,42.3705,28.787878787878796
2023-08-11,35.62,36.04,36.28,35.59,16532378.0,37.0886,38.2316,42.32299999999999,32.374100719424476
2023-08-14,35.82,36.07,36.51,35.82,20295465.0,37.0496,38.185700000000004,42.2754,36.8
2023-08-15,35.88,35.39,35.91,35.36,20484289.0,36.9902,38.139500000000005,42.222049999999996,28.738317757009384
2023-08-16,35.14,35.48,35.65,34.995,22175107.0,36.9268,38.0925,42.17075,39.28571428571422
2023-08-17,35.6,36.51,36.72,35.59,31113553.0,36.8896,38.0537,42.11615,55.16431924882625
2023-08-18,36.45,36.66,36.85,36.32,24145117.0,36.845,38.018100000000004,42.0667,56.81818181818174
2023-08-21,36.71,37.01,37.186,36.64,28496536.0,36.803399999999996,37.9883,42.0117,66.27906976744183
2023-08-22,37.01,36.84,37.15,35.7235,18536903.0,36.7608,37.9542,41.960550000000005,67.69596199524943
2023-08-23,37.09,36.66,37.13,36.56,19370897.0,36.696,37.917,41.911,70.54455445544548
2023-08-24,36.475,36.16,36.64,36.06,19380831.0,36.6136,37.870599999999996,41.8557,62.61061946902647
2023-08-25,36.14,36.38,36.69,35.96,16421292.0,36.553999999999995,37.820899999999995,41.802150000000005,58.578431372549026
2023-08-28,36.44,36.21,36.52,36.03,15101949.0,36.4832,37.774,41.746449999999996,56.76959619952492
2023-08-29,36.26,36.15,36.94,36.0,21076488.0,36.405,37.72,41.693599999999996,53.808353808353736
2023-08-30,36.18,35.9,36.25,35.82,16833018.0,36.3362,37.664,41.6362,52.14285714285714
2023-08-31,35.94,35.38,35.99,35.38,27919464.0,36.2658,37.6005,41.5751,42.50000000000005
2023-09-01,35.64,35.78,36.06,35.6,17522542.0,36.2068,37.5404,41.5078,46.960167714884705
2023-09-05,35.96,35.38,36.29,35.35,25831123.0,36.1484,37.4805,41.44185,49.88864142538978
2023-09-06,35.26,34.37,35.28,34.26,35370154.0,36.098,37.4095,41.373450000000005,39.74121996303145
2023-09-07,34.47,34.28,34.64,34.04,26777739.0,36.0552,37.3404,41.3032,25.055928411633175
2023-09-08,34.23,34.25,34.39,34.05,19483285.0,36.0144,37.271100000000004,41.2333,22.298850574712745
2023-09-11,34.24,33.94,34.3,33.54,27574391.0,35.9708,37.205,41.1621,14.38515081206505
2023-09-12,33.97,34.15,34.21,33.75,17987155.0,35.9202,37.1441,41.08745,19.080459770115
2023-09-13,34.21,34.08,34.62,34.0,23839807.0,35.8688,37.0864,41.0136,19.57547169811329
2023-09-14,34.24,34.15,34.38,33.98,23759867.0,35.822599999999994,37.0258,40.938300000000005,23.622047244094574
2023-09-15,34.06,34.07,34.415,33.81,58063842.0,35.7914,36.967400000000005,40.8608,18.528610354223417
2023-09-18,34.12,33.64,34.12,33.44,25421949.0,35.7536,36.9105,40.78155,17.302798982188293
2023-09-19,33.55,33.99,34.01,33.515,27323329.0,35.7198,36.8641,40.70085,24.407582938388657
2023-09-20,34.08,33.62,34.09,33.55,24651414.0,35.671800000000005,36.8129,40.613550000000004,23.732718894009224
2023-09-21,33.47,32.85,33.59,32.83,26988901.0,35.609,36.7525,40.523250000000004,22.4400871459695
2023-09-22,33.08,32.69,33.09,32.5,28558752.0,35.541599999999995,36.6873,40.43305,14.482758620689694
2023-09-25,32.69,32.98,32.98,32.4101,19443664.0,35.4748,36.6265,40.349399999999996,21.698113207547166
2023-09-26,32.72,32.4,32.96,32.36,26015472.0,35.4056,36.566,40.2602,24.14698162729661
2023-09-27,32.43,32.1,32.5,31.9,26394113.0,35.3228,36.5047,40.1618,22.88557213930352
2023-09-28,32.06,32.09,32.32,31.7744,28197588.0,35.2358,36.4407,40.063649999999996,23.000000000000043
2023-09-29,32.35,33.17,33.23,32.3,42421449.0,35.1638,36.3857,39.9687,41.928721174004224
2023-10-02,32.95,33.94,33.955,32.76,44614096.0,35.0946,36.3403,39.873050000000006,48.030018761726076
2023-10-03,33.84,33.9,34.11,33.71,31059924.0,35.0224,36.2963,39.77015,48.301886792452834
2023-10-04,33.94,33.31,34.0799,33.005,23262342.0,34.947399999999995,36.2536,39.66865,42.78350515463919
2023-10-05,33.45,33.47,33.78,33.045,21279407.0,34.8726,36.2148,39.57899999999999,44.91525423728812
2023-10-06,33.515,33.13,33.56,33.0721,23760440.0,34.8112,36.174499999999995,39.48785,45.61101549053356
2023-10-09,33.06,33.2,33.47,32.77,17468112.0,34.7538,36.1364,39.39725,42.85714285714284
2023-10-10,33.08,33.17,33.4,33.01,19212104.0,34.696,36.1006,39.3048,45.664739884393086
2023-10-11,33.24,33.11,33.33,32.82,24221176.0,34.646,36.066900000000004,39.21215,52.90178571428571
2023-10-12,33.11,32.92,33.22,32.77,21809858.0,34.5974,36.0284,39.1176,52.54988913525504
2023-10-13,32.94,32.11,32.99,32.015,32675093.0,34.5396,35.961999999999996,39.0225,41.35188866799203
2023-10-16,32.83,33.27,33.92,32.56,63317432.0,34.5046,35.8983,38.934850000000004,57.75401069518723
2023-10-17,33.0,32.75,33.19,32.2,40015849.0,34.446,35.8395,38.841950000000004,55.5746140651801
2023-10-18,32.54,31.41,32.68,31.385,30307588.0,34.3614,35.775299999999994,38.7428,45.25139664804466
2023-10-19,31.38,31.19,31.495,30.91,26758287.0,34.2684,35.7112,38.64245,34.28571428571428
2023-10-20,31.06,30.65,31.11,30.475,39407902.0,34.167,35.647600000000004,38.54505,22.899505766062617
2023-10-23,30.77,30.84,31.39,30.53,29397332.0,34.062999999999995,35.5758,38.45095,25.40192926045019
2023-10-24,30.88,30.43,31.03,30.32,26923788.0,33.9502,35.4999,38.3485,26.158940397351003
2023-10-25,30.46,30.73,31.0,30.22,28857900.0,33.857,35.4236,38.260200000000005,27.831715210356037
2023-10-26,30.61,31.16,31.37,30.5,27162701.0,33.7706,35.3487,38.1779,34.290271132376404
2023-10-27,31.06,30.11,31.13,30.02,33877106.0,33.642599999999995,35.2661,38.0912,28.689655172413808
2023-10-30,30.24,30.55,30.68,30.11,33063835.0,33.5204,35.1827,38.0054,32.89817232375981
2023-10-31,30.285,30.56,30.82,29.7,42648188.0,33.391400000000004,35.0974,37.91895,33.24572930354799
2023-11-01,30.56,30.51,31.075,30.47,23568309.0,33.2648,35.0128,37.841100000000004,33.868808567603764
2023-11-02,30.51,30.5,30.65,30.21,29618306.0,33.141600000000004,34.918800000000005,37.7686,37.93103448275864
2023-11-03,30.9,31.26,31.39,30.835,28071015.0,33.0436,34.8286,37.7001,33.97129186602871
2023-11-06,31.32,31.18,31.41,30.955,20940863.0,32.9396,34.7468,37.63045,36.535162950257295
2023-11-07,31.08,31.25,31.385,30.89,18086421.0,32.8404,34.6618,37.561800000000005,48.24561403508772
2023-11-08,30.92,30.82,31.3,30.55,29398346.0,32.7338,34.5694,37.49235,46.1215932914046
2023-11-09,30.49,29.68,30.505,29.63,26291296.0,32.6094,34.4728,37.4154,40.968342644320316
2023-11-10,29.75,29.48,29.815,29.025,33860227.0,32.4914,34.3786,37.34155,37.36059479553904
2023-11-13,29.34,28.98,29.36,28.93,35519914.0,32.3554,34.2811,37.2675,36.74588665447899
2023-11-14,29.09,29.26,29.71,28.99,40084331.0,32.233,34.1907,37.19605,36.51376146788993
2023-11-15,29.21,30.19,30.35,29.21,43600836.0,32.1494,34.12370000000001,37.126200000000004,41.848739495798334
2023-11-16,30.27,29.77,30.45,29.47,32407186.0,32.059200000000004,34.0572,37.0552,46.80451127819549
2023-11-17,29.92,29.92,30.0089,29.74,27082355.0,31.972600000000003,33.9935,36.9831,43.73757455268392
2023-11-20,29.9,29.98,30.14,29.76,26346186.0,31.8934,33.9321,36.9127,44.29133858267719
2023-11-21,30.02,30.3,30.36,29.76,25988736.0,31.816399999999998,33.8683,36.8454,48.03738317757009
2023-11-22,30.39,30.32,30.5769,30.14,19230183.0,31.7412,33.805,36.779050000000005,48.320895522388064
2023-11-24,30.38,30.5,30.7,30.38,11129739.0,31.668200000000002,33.745400000000004,36.71165,42.050209205020906
2023-11-27,30.75,30.14,30.75,30.03,26066748.0,31.5896,33.6905,36.645649999999996,39.72332015810277
2023-11-28,30.11,29.69,30.11,29.635,29389713.0,31.510600000000004,33.6321,36.5747,35.661764705882376
2023-11-29,29.77,30.08,30.22,29.725,26185160.0,31.4324,33.576100000000004,36.50515,43.14814814814813
2023-11-30,30.31,30.47,30.51,29.96,45356593.0,31.3694,33.5206,36.438900000000004,58.494623655913976
2023-12-01,28.97,28.91,29.4,28.3,103624040.0,31.290599999999998,33.4498,36.36685,45.25790349417637
2023-12-04,29.02,29.28,29.64,29.02,47324149.0,31.222399999999997,33.382,36.2985,52.55102040816326
2023-12-05,29.21,29.09,29.6,29.07,39853005.0,31.1446,33.3097,36.2279,48.53195164075992
2023-12-06,29.09,28.79,29.4,28.715,33410517.0,31.072400000000002,33.239000000000004,36.15835,36.434108527131755
2023-12-07,28.82,28.63,28.895,28.5,35746909.0,31.003,33.1629,36.0896,38.3673469387755
2023-12-08,28.65,28.78,28.965,28.59,31890740.0,30.9368,33.086299999999994,36.022,38.3673469387755
2023-12-11,28.78,28.64,28.81,28.435,37713862.0,30.8462,33.005,35.95645,36.54618473895582
2023-12-12,28.62,28.58,28.86,28.35,48549531.0,30.738999999999997,32.9168,35.895450000000004,31.779661016949134
2023-12-13,26.28,26.66,26.73,25.76,158100678.0,30.5942,32.8083,35.825900000000004,22.356495468277956
2023-12-14,26.76,26.13,27.315,26.01,101830806.0,30.450600000000005,32.699,35.75565,18.651362984218082
2023-12-15,26.13,26.63,26.9894,26.08,136175201.0,30.3138,32.5932,35.685700000000004,25.316455696202524
2023-12-18,26.92,27.06,27.3,26.72,63329379.0,30.1924,32.5018,35.615249999999996,31.4527503526093
2023-12-19,27.28,28.16,28.24,27.27,70094663.0,30.0916,32.4227,35.5505,37.69230769230771
2023-12-20,28.19,27.63,28.26,27.61,56184326.0,29.980800000000002,32.3384,35.48695,32.115869017632264
2023-12-21,27.86,28.31,28.36,27.78,51056623.0,29.8848,32.2654,35.4279,45.75070821529745
2023-12-22,28.44,28.4,28.79,28.18,35162307.0,29.7944,32.1959,35.3726,43.510324483775804
2023-12-26,28.425,28.41,28.53,28.25,30119121.0,29.720399999999998,32.13,35.3177,44.84848484848486
2023-12-27,28.47,28.61,28.7299,28.31,35000664.0,29.6272,32.0659,35.261449999999996,48.61538461538462
2023-12-28,28.61,28.79,29.03,28.5819,30472890.0,29.548000000000002,31.997000000000003,35.2059,51.22699386503067
2023-12-29,28.78,28.79,28.8689,28.54,30363079.0,29.4956,31.9285,35.14845,50.07849293563578
2024-01-02,28.88,29.73,30.2788,28.83,57873706.0,29.466400000000004,31.867400000000004,35.09524999999999,57.60111576011157
2024-01-03,30.0,29.73,30.0359,29.41,43426495.0,29.448,31.8075,35.0434,58.087201125175824
2024-01-04,29.79,29.09,29.95,29.03,45558159.0,29.413,31.737999999999996,34.9848,70.84048027444251
2024-01-05,29.02,29.47,29.49,28.75,33612838.0,29.393800000000002,31.671999999999997,34.92885,79.40140845070421
2024-01-08,29.36,29.58,29.68,29.1701,32972133.0,29.3708,31.613899999999997,34.8767,77.88279773156897
2024-01-09,29.6,29.4,29.86,29.32,39856903.0,29.3356,31.5531,34.8228,73.2142857142857
2024-01-10,29.36,28.99,29.39,28.875,37413289.0,29.313200000000002,31.477899999999998,34.7658,59.54022988505744
2024-01-11,28.83,28.4,28.915,28.27,46884712.0,29.2702,31.3953,34.7067,58.73015873015872
2024-01-12,28.46,28.7,28.94,28.44,30345486.0,29.232999999999997,31.312200000000004,34.65025,54.83870967741936
2024-01-16,28.6,28.32,28.72,28.22,38825982.0,29.189199999999996,31.226999999999997,34.5906,49.07407407407409
2024-01-17,28.16,28.15,28.53,27.93,33312583.0,29.1422,31.1419,34.52945,47.09821428571427
2024-01-18,28.04,28.09,28.13,27.6,50279148.0,29.078799999999998,31.061200000000003,34.4659,44.00921658986175
2024-01-19,28.03,28.28,28.38,27.93,35549293.0,29.020799999999998,30.9802,34.40055,44.13793103448278
2024-01-22,28.32,28.31,28.62,27.93,41663945.0,28.962000000000003,30.9012,34.337599999999995,44.52054794520547
2024-01-23,28.44,28.43,28.65,28.15,33466651.0,28.914199999999997,30.824,34.272000000000006,31.741573033707837
2024-01-24,28.54,28.33,28.775,28.33,42720738.0,28.887200000000004,30.7483,34.20615,30.874316939890676
2024-01-25,27.82,27.47,27.92,27.445,47605546.0,28.847,30.6692,34.13485,29.12371134020617
2024-01-26,27.63,27.47,27.91,27.36,47073758.0,28.816799999999997,30.586100000000002,34.06325,21.42857142857143
2024-01-29,27.52,27.48,27.63,27.31,66992715.0,28.7812,30.5071,33.9938,19.11764705882358
2024-01-30,27.89,27.02,28.37,26.95,86072429.0,28.717799999999997,30.433600000000002,33.921549999999996,17.663043478260917
2024-01-31,27.17,27.08,27.5103,26.78,81192099.0,28.664,30.3616,33.851,21.321321321321335
2024-02-01,27.1,27.29,27.325,26.73,53882960.0,28.6114,30.291999999999998,33.781549999999996,31.186440677966132
2024-02-02,27.18,26.93,27.2,26.69,51718525.0,28.5504,30.2219,33.713449999999995,20.598006644518293
2024-02-05,26.94,26.57,26.94,26.52,42633401.0,28.4758,30.1461,33.6451,20.735785953177285
2024-02-06,26.66,27.5,27.725,26.57,56994489.0,28.4194,30.0803,33.583349999999996,41.33333333333335
2024-02-07,27.55,27.56,27.65,27.295,36843007.0,28.360599999999998,30.014400000000002,33.5201,42.933333333333316
2024-02-08,27.56,27.57,27.69,27.41,28776353.0,28.309199999999997,29.9494,33.4584,40.05602240896358
2024-02-09,27.56,27.56,27.59,27.38,29062706.0,28.266599999999997,29.8886,33.39955,39.43661971830987
2024-02-12,27.54,27.66,28.02,27.52,30323717.0,28.218199999999996,29.8253,33.344699999999996,39.093484419263476
2024-02-13,27.54,26.97,27.83,26.86,37927457.0,28.148199999999996,29.7588,33.28585,33.495145631067984
2024-02-14,27.01,27.11,27.17,26.91,25270224.0,28.1122,29.7014,33.226949999999995,44.705882352941195
2024-02-15,27.25,27.51,27.805,27.22,36072622.0,28.076800000000002,29.6496,33.16845,50.52631578947372
2024-02-16,27.55,27.62,27.89,27.21,35935327.0,28.047399999999996,29.596,33.11125,51.7948717948718
2024-02-20,27.61,27.59,28.14,27.52,34232007.0,28.023400000000002,29.5479,33.05695,58.21325648414985
2024-02-21,27.6,27.67,27.675,27.355,27370649.0,28.004199999999997,29.503600000000002,33.00415,58.45272206303728
2024-02-22,27.59,27.55,27.695,27.185,31957507.0,27.979599999999994,29.458199999999998,32.94945,53.82352941176472
2024-02-23,27.75,27.76,28.086,27.69,33182554.0,27.962,29.404100000000003,32.8949,62.76923076923075
2024-02-26,27.67,27.18,27.67,27.07,45685477.0,27.934,29.3365,32.8384,58.7896253602305
2024-02-27,27.12,26.89,27.2,26.81,38598363.0,27.9386,29.266399999999997,32.78135,39.22261484098946
2024-02-28,26.96,27.04,27.235,26.82,31010175.0,27.956799999999998,29.203699999999998,32.72865,41.095890410958944
2024-02-29,27.07,26.56,27.19,26.55,54643160.0,27.9554,29.1346,32.6747,35.10324483775814
2024-03-01,26.825,26.59,26.9,26.51,46392099.0,27.946000000000005,29.069200000000002,32.62185,35.777126099706805
2024-03-04,26.3,25.89,26.46,25.61,86777724.0,27.9006,28.996100000000002,32.56625,27.93017456359108
2024-03-05,25.87,26.08,26.42,25.69,73646090.0,27.869599999999995,28.9252,32.5129,37.321937321937334
2024-03-06,26.9,27.19,27.3,26.785,84919456.0,27.847199999999997,28.866000000000003,32.46645,50.89285714285716
2024-03-07,27.2,26.79,27.32,26.76,46423824.0,27.815,28.804700000000004,32.41655,41.9642857142857
2024-03-08,26.88,27.22,27.3,26.85,45906630.0,27.7912,28.7558,32.3589,45.83333333333331
2024-03-11,27.31,28.37,28.39,27.31,52600145.0,27.786400000000004,28.706799999999998,32.302550000000004,56.58783783783783
2024-03-12,28.31,28.01,28.34,27.76,48758226.0,27.770799999999998,28.6594,32.24945,52.741935483870954
2024-03-13,28.29,28.22,28.69,28.19,39272983.0,27.7594,28.6275,32.20140000000001,55.32591414944354
2024-03-14,28.25,28.13,28.28,27.77,36427957.0,27.7274,28.5969,32.154050000000005,52.99837925445702
2024-03-15,27.96,27.94,28.28,27.86,75727854.0,27.691599999999998,28.5698,32.1087,56.57439446366783
2024-03-18,28.01,27.72,28.025,27.61,36385106.0,27.6642,28.538599999999995,32.0572,57.2679509632224
2024-03-19,27.67,27.63,27.78,27.32,29026578.0,27.627399999999998,28.5106,32.005250000000004,55.2212389380531
2024-03-20,27.48,27.7,27.7366,27.21,34463459.0,27.5898,28.480300000000003,31.95195,60.87786259541985
2024-03-21,27.75,27.66,28.035,27.63,29633710.0,27.555,28.445300000000003,31.897,60.1904761904762
2024-03-22,27.47,27.36,27.84,27.34,28830115.0,27.522399999999998,28.417800000000003,31.841949999999997,65.15463917525773
2024-03-25,27.24,27.43,27.48,27.1,31080245.0,27.503,28.386599999999998,31.784650000000003,64.27061310782241
2024-03-26,27.45,27.59,27.63,27.31,38220263.0,27.4808,28.3569,31.72715,55.29100529100527
2024-03-27,27.71,27.78,27.935,27.54,34247616.0,27.47,28.3296,31.6712,63.865546218487424
2024-03-28,27.82,27.75,28.12,27.72,40466657.0,27.462,28.3021,31.61045,58.35962145110411
2024-04-01,27.76,27.72,27.87,27.575,26596621.0,27.4546,28.2667,31.547649999999997,34.146341463414586
2024-04-02,27.57,27.55,27.75,27.41,32451485.0,27.44,28.2304,31.4886,37.63440860215051
2024-04-03,27.51,27.22,27.75,27.2,36828630.0,27.4182,28.1901,31.425949999999997,24.747474747474797
2024-04-04,27.31,26.65,27.4,26.64,41922711.0,27.382600000000004,28.148399999999995,31.358900000000002,19.918699186991915
2024-04-05,26.56,26.66,26.7,26.35,39880542.0,27.3492,28.1182,31.2955,21.929824561403592
2024-04-08,26.6,26.58,26.82,26.52,24404952.0,27.3314,28.0892,31.2339,23.36448598130849
2024-04-09,26.77,26.78,27.42,26.65,45193644.0,27.317600000000002,28.0672,31.17415,31.111111111111256
2024-04-10,26.52,26.32,26.59,26.16,44211594.0,27.2944,28.037799999999997,31.114250000000002,23.863636363636488
2024-04-11,26.35,26.34,26.4499,26.13,32640285.0,27.280800000000003,27.999299999999998,31.061499999999995,24.80916030534361
2024-04-12,26.25,25.86,26.32,25.83,43034056.0,27.2564,27.9602,31.008699999999997,23.214285714285822
2024-04-15,25.91,25.91,26.17,25.75,33836354.0,27.2288,27.9201,30.956799999999998,22.661870503597243
2024-04-16,25.82,25.69,25.985,25.68,28472850.0,27.203999999999997,27.877200000000002,30.904649999999997,16.54929577464803
2024-04-17,25.69,25.42,25.69,25.26,43588230.0,27.180999999999997,27.828400000000002,30.84835,9.58904109589055
2024-04-18,25.35,25.39,25.46,25.23,35460907.0,27.1388,27.7791,30.79205,9.58904109589055
2024-04-19,25.39,26.0,26.0,25.35,37964333.0,27.1076,27.734099999999998,30.73975,25.428571428571487
2024-04-22,26.0,26.26,26.5,25.925,34753159.0,27.081400000000002,27.695299999999996,30.692899999999998,32.033426183844085
2024-04-23,26.33,26.32,26.47,26.19,23691927.0,27.0566,27.6616,30.64685,36.44578313253017
2024-04-24,26.25,26.27,26.34,26.04,24001703.0,27.0288,27.6235,30.599800000000002,43.21428571428575
2024-04-25,26.27,25.26,26.43,25.25,47402450.0,26.994600000000002,27.571400000000004,30.546,31.578947368421098
2024-04-26,25.33,25.4,25.54,25.2,42967575.0,26.9604,27.536299999999997,30.493050000000004,34.71502590673576
2024-04-29,25.58,25.64,25.85,25.54,37771472.0,26.923,27.499900000000004,30.440949999999997,35.38461538461537
2024-04-30,25.65,25.62,25.83,25.585,37511343.0,26.883000000000003,27.4652,30.387449999999998,39.88439306358383
2024-05-01,26.3295,27.18,27.45,26.02,90886371.0,26.8748,27.449099999999998,30.344049999999996,58.400000000000006
2024-05-02,27.21,27.7,27.94,27.12,62520945.0,26.8754,27.4398,30.30135,68.25396825396827
2024-05-03,27.86,27.81,27.905,27.52,53460568.0,26.880600000000005,27.430100000000003,30.258200000000002,68.62745098039217
2024-05-06,27.98,28.16,28.325,27.96,50955572.0,26.8886,27.425299999999996,30.215149999999998,73.61376673040154
2024-05-07,28.29,27.77,28.49,27.4,64375534.0,26.9004,27.417199999999998,30.167,71.9626168224299
2024-05-08,27.7,28.27,28.34,27.52,38934208.0,26.927999999999997,27.4333,30.1208,74.74226804123711
2024-05-09,27.76,28.18,28.25,27.32,44989567.0,26.9508,27.4538,30.076400000000003,70.56603773584906
2024-05-10,28.24,28.01,28.28,27.92,25692387.0,26.9798,27.467599999999997,30.030400000000004,66.7946257197697
2024-05-13,28.19,28.44,28.65,28.17,34449448.0,27.0168,27.481399999999997,29.9916,68.99641577060935
2024-05-14,28.55,28.38,28.68,28.19,22367710.0,27.066599999999998,27.483600000000003,29.95315,68.87298747763865
2024-05-15,28.49,28.82,28.985,28.48,36629130.0,27.121400000000005,27.495499999999996,29.916949999999996,85.45816733067728
2024-05-16,28.87,28.92,29.03,28.67,37977476.0,27.156,27.5016,29.883499999999998,85.34136546184739
2024-05-17,28.895,28.64,28.91,28.51,25820775.0,27.193,27.503999999999998,29.84995,79.88047808764938
2024-05-20,28.66,28.53,28.71,28.46,22294246.0,27.2192,27.5052,29.8176,78.47358121330723
2024-05-21,28.47,28.56,28.67,28.32,27618443.0,27.223,27.5047,29.785300000000003,69.27374301675975
2024-05-22,28.47,29.6,29.63,28.415,46768095.0,27.2548,27.5128,29.7549,73.17073170731707
2024-05-23,29.43,28.69,29.43,28.67,41586859.0,27.264199999999995,27.511799999999997,29.720150000000004,58.979591836734706
2024-05-24,28.665,28.88,28.99,28.55,22418094.0,27.2792,27.5033,29.68535,57.59493670886074
2024-05-28,28.8,28.3,28.88,28.13,32169589.0,27.2864,27.489,29.648249999999997,55.375253549695756
2024-05-29,28.16,27.82,28.17,27.69,23333134.0,27.288399999999996,27.476300000000002,29.60715,45.41751527494909
2024-05-30,27.91,28.2,28.2,27.785,22835898.0,27.2998,27.4636,29.567800000000002,50.19230769230768
2024-05-31,28.34,28.66,28.75,28.235,73876818.0,27.319000000000003,27.4544,29.53415,55.91985428051
2024-06-03,28.66,29.31,29.53,28.64,36399893.0,27.351999999999997,27.4535,29.503300000000003,57.61821366024517
2024-06-04,29.3,29.49,29.73,29.17,43129031.0,27.3946,27.458500000000004,29.468200000000003,59.519725557461406
2024-06-05,29.56,29.55,29.62,29.17,26756683.0,27.436999999999998,27.47,29.432650000000002,56.697247706422026
2024-06-06,29.36,28.8,29.54,28.79,34945582.0,27.461199999999998,27.471,29.391599999999997,49.016393442622935
2024-06-07,28.75,28.58,29.05,28.55,26323521.0,27.477200000000003,27.4736,29.350299999999997,49.50331125827813
2024-06-10,28.35,28.07,28.35,27.63,34193891.0,27.483600000000003,27.472800000000003,29.30735,46.428571428571416
2024-06-11,27.95,28.03,28.33,27.89,28126889.0,27.4898,27.472199999999997,29.2667,45.89147286821707
2024-06-12,28.17,27.66,28.2299,27.56,30396942.0,27.492000000000004,27.465999999999998,29.2231,33.21799307958476
2024-06-13,27.5,27.65,27.72,27.2,31184849.0,27.5006,27.459400000000002,29.180300000000003,39.34426229508193
2024-06-14,27.745,27.53,28.22,27.43,27847761.0,27.5182,27.4504,29.137200000000004,35.966735966735996
2024-06-17,27.45,26.98,27.4758,26.87,31857132.0,27.524599999999996,27.4369,29.092599999999997,36.19246861924687
2024-06-18,26.98,27.41,27.46,26.95,29508934.0,27.5412,27.436300000000003,29.05275,45.66596194503172
